Zipcode,Year,Total Employment in Zipcode,Total Establishments in Zipcode,Total Payroll in Zipcode,Employment for NAICS 722,Establishments for NAICS 722,Avg. Annual Wage for NAICS 722,Total Payroll for NAICS 722,Flour Avg Price per lb,Rice Avg Price per lb,% Food Service Jobs in Zip,% Food Service Establishments in Zip,Total Employment in Zipcode Yearly % Change,Total Establishments in Zipcode Yearly % Change,Total Payroll in Zipcode Yearly % Change,Employment for NAICS 722 Yearly % Change,Establishments for NAICS 722 Yearly % Change,Avg. Annual Wage for NAICS 722 Yearly % Change,Total Payroll for NAICS 722 Yearly % Change,Neighborhood
"55401-04;15,54,87,88",2000,153650,4880,8205509715.0,8089,368,15132.0,122613294.0,0.29024999999999995,0.4905,0.05264562316954117,0.07540983606557378,,,,,,,,North Loop
"55401-04;15,54,87,88",2001,153482,4752,8618403063.0,7971,363,15392.0,123097435.0,0.30233333333333334,0.476,0.051934428792952916,0.0763888888888889,-0.10933940774487949,-2.622950819672132,5.031903712760388,-1.4587711707256812,-1.3586956521739135,1.7182130584192379,0.39485196442075043,North Loop
"55401-04;15,54,87,88",2002,142347,4462,8143669190.0,8185,369,15340.0,125700410.0,0.3115,0.46937500000000004,0.05750033369161275,0.08269834155087405,-7.254922401323938,-6.1026936026935985,-5.508373993763394,2.6847321540584668,1.6528925619834656,-0.33783783783783994,2.114564775456129,North Loop
"55401-04;15,54,87,88",2003,138532,4402,8094680577.0,8059,379,15964.0,128937572.0,0.31166666666666665,0.45216666666666666,0.05817428464181561,0.08609722853248523,-2.680070531869305,-1.344688480502021,-0.6015545555332125,-1.539401343921809,2.7100271002709952,4.067796610169494,2.575299475952386,North Loop
"55401-04;15,54,87,88",2004,144339,4358,9171613599.0,8397,386,16276.0,136867030.0,0.3025833333333333,0.5363333333333334,0.05817554507097874,0.08857273978889399,4.1918112782606265,-0.9995456610631503,13.304206531138085,4.194068743020218,1.846965699208436,1.9543973941368087,6.149842809200723,North Loop
"55401-04;15,54,87,88",2005,139520,4302,9049017223.0,8576,412,16692.0,143486899.0,0.3239166666666667,0.5540833333333334,0.061467889908256884,0.09576940957694095,-3.338667996868483,-1.2849931161083017,-1.3366936436721155,2.131713707276406,6.735751295336789,2.5559105431310014,4.836715606380881,North Loop
"55401-04;15,54,87,88",2006,149430,4469,10202305659.0,8865,421,17368.0,153920063.0,0.3286666666666667,0.5491666666666666,0.05932543665930536,0.09420452002685165,7.102924311926606,3.881915388191537,12.744902651623558,3.3698694029850706,2.184466019417486,4.049844236760114,7.271161390141967,North Loop
"55401-04;15,54,87,88",2007,142963,4124,10096189567.0,9223,395,17680.0,163419322.0,0.36024999999999996,0.549,0.06451319572197002,0.0957807953443259,-4.3277788931272205,-7.719847840680238,-1.04011872949904,4.03835307388607,-6.175771971496435,1.7964071856287456,6.17155347707985,North Loop
"55401-04;15,54,87,88",2008,144017,4209,10038377074.0,9188,394,18460.0,169892836.0,0.5066666666666667,0.7325833333333334,0.06379802384440726,0.09360893323829889,0.7372536950119857,2.06110572259941,-0.5726169523298519,-0.3794860674400935,-0.25316455696202667,4.4117647058823595,3.961290452545141,North Loop
"55401-04;15,54,87,88",2009,146088,4314,9960902372.0,8652,373,18148.0,157317173.0,0.5010833333333334,0.7656666666666667,0.059224576967307374,0.08646267964765879,1.4380246776422245,2.4946543121881604,-0.7717851344781979,-5.833696125380927,-5.3299492385786795,-1.6901408450704203,-7.402114942621829,North Loop
"55401-04;15,54,87,88",2010,146520,4241,10552234647.0,8333,379,19084.0,159404638.0,0.47691666666666666,0.7406666666666667,0.05687278187278187,0.0893657156331054,0.29571217348447476,-1.6921650440426483,5.936533186613979,-3.6870087840961574,1.608579088471851,5.157593123209159,1.3269148944088816,North Loop
"55401-04;15,54,87,88",2011,151671,4400,11136227572.0,8545,398,19396.0,166252917.0,0.5180833333333333,0.7406666666666667,0.05633904965352638,0.09045454545454545,3.5155610155610084,3.7491157745814574,5.534305713776266,2.544101764070561,5.013192612137196,1.6348773841961872,4.296160441705599,North Loop
"55401-04;15,54,87,88",2012,154014,4284,11567873852.0,9460,416,20280.0,192059097.0,0.5169166666666668,0.6968333333333333,0.06142298752061501,0.09710550887021475,1.5447910279486443,-2.6363636363636367,3.876054769977011,10.708016383850193,4.522613065326642,4.557640750670244,15.522241934558068,North Loop
"55401-04;15,54,87,88",2013,144146,4021,11468638904.0,9425,414,20644.0,195108998.0,0.5215833333333334,0.7235833333333334,0.0653850956668933,0.10295946282019398,-6.407209734180008,-6.139122315592904,-0.8578494999998854,-0.36997885835095,-0.48076923076922906,1.7948717948717885,1.5880013223221523,North Loop
"55401-04;15,54,87,88",2014,155766,4179,12407042716.0,9991,425,21580.0,215966378.0,0.5298333333333333,0.734,0.0641410834200018,0.10169897104570472,8.061271211133159,3.9293708032827723,8.182346831695142,6.0053050397878005,2.657004830917864,4.534005037783384,10.690116916084014,North Loop
"55401-04;15,54,87,88",2015,161604,4110,13315311357.0,10204,416,22724.0,232282829.0,0.5166666666666668,0.6854166666666667,0.06314200143560803,0.10121654501216545,3.747929586687726,-1.6511127063890907,7.320589295857793,2.131918726854165,-2.117647058823524,5.301204819277117,7.555088505489493,North Loop
"55401-04;15,54,87,88",2016,166170,4066,13860149226.0,10346,411,23556.0,244258937.0,0.5249999999999999,0.7161666666666666,0.06226153938737437,0.10108214461387113,2.8254251132397767,-1.0705596107056015,4.091814711591946,1.391611132889059,-1.2019230769230727,3.661327231121292,5.155830093665692,North Loop
"55401-04;15,54,87,88",2017,159133,4047,14237926731.0,10337,424,24648.0,254666703.0,0.50725,0.72125,0.0649582424764191,0.10476896466518408,-4.2348197628934265,-0.4672897196261627,2.725638078205783,-0.08699014111733794,3.1630170316301776,4.635761589403975,4.260956068927779,North Loop
"55401-04;15,54,87,88",2018,162988,4226,14961727803.0,10950,434,25740.0,282276896.0,0.46175000000000005,0.6935833333333333,0.06718286008785923,0.10269758637008992,2.4225019323458996,4.423029404497147,5.083612843884633,5.930153816387729,2.358490566037741,4.430379746835444,10.841697275202877,North Loop
"55401-04;15,54,87,88",2019,164357,4239,15465370734.0,10854,429,26832.0,291761862.0,0.4411666666666667,0.7645,0.06603917082935318,0.10120311394196745,0.8399391366235465,0.30761949834359203,3.366208352614297,-0.8767123287671263,-1.1520737327188946,4.2424242424242475,3.360163773375202,North Loop
"55401-04;15,54,87,88",2020,148898,4189,15380483441.0,5617,418,27456.0,153933482.0,0.4513636363636364,0.7585454545454546,0.03772381093097288,0.09978515158749104,-9.405744811599137,-1.1795234725171078,-0.5488862469580469,-48.249493274368895,-2.564102564102566,2.3255813953488413,-47.24002618272295,North Loop
"55401-04;15,54,87,88",2021,148201,4159,16292541001.0,6243,405,30004.0,190986359.0,0.40375,0.7937500000000001,0.042125221827113174,0.09737917768694397,-0.46810568308506273,-0.7161613750298446,5.929966788746799,11.144739184618114,-3.1100478468899517,9.280303030303028,24.07070672253098,North Loop
"55401-04;15,54,87,88",2022,153292,4379,17291375031.0,7993,403,32708.0,262605818.0,0.4939166666666666,0.9129999999999998,0.052142316624481384,0.09203014386846312,3.4351994925810203,5.2897331089204025,6.130621552148896,28.031395162582086,-0.4938271604938316,9.012131715771222,37.499777143769734,North Loop
"55405,08,16",2000,17952,1621,637916246.0,0,0,0.0,0.0,0.29024999999999995,0.4905,0.0,0.0,,,,,,,,Lowry Hill
"55405,08,16",2001,17960,1584,651570541.0,0,0,0.0,0.0,0.30233333333333334,0.476,0.0,0.0,0.04456327985740138,-2.2825416409623656,2.1404526198569362,,,,,Lowry Hill
"55405,08,16",2002,13922,1465,500040639.0,0,0,0.0,0.0,0.3115,0.46937500000000004,0.0,0.0,-22.48329621380847,-7.512626262626265,-23.25610083099199,,,,,Lowry Hill
"55405,08,16",2003,16371,1444,627807676.0,0,0,0.0,0.0,0.31166666666666665,0.45216666666666666,0.0,0.0,17.590863381698043,-1.433447098976104,25.551330638948322,,,,,Lowry Hill
"55405,08,16",2004,16059,1359,619836520.0,0,0,0.0,0.0,0.3025833333333333,0.5363333333333334,0.0,0.0,-1.9058090525929994,-5.886426592797789,-1.2696811945319353,,,,,Lowry Hill
"55405,08,16",2005,16146,1369,618290451.0,0,0,0.0,0.0,0.3239166666666667,0.5540833333333334,0.0,0.0,0.5417522884363812,0.735835172921262,-0.2494317372587207,,,,,Lowry Hill
"55405,08,16",2006,13994,1189,508203546.0,0,0,0.0,0.0,0.3286666666666667,0.5491666666666666,0.0,0.0,-13.328378545769848,-13.148283418553685,-17.805046935780677,,,,,Lowry Hill
"55405,08,16",2007,11638,1078,448122661.0,0,0,0.0,0.0,0.36024999999999996,0.549,0.0,0.0,-16.835786765756755,-9.335576114381839,-11.82220893043513,,,,,Lowry Hill
"55405,08,16",2008,9958,1069,383932010.0,0,0,0.0,0.0,0.5066666666666667,0.7325833333333334,0.0,0.0,-14.435470012029562,-0.8348794063079756,-14.324348350685167,,,,,Lowry Hill
"55405,08,16",2009,10663,1203,450966994.0,0,0,0.0,0.0,0.5010833333333334,0.7656666666666667,0.0,0.0,7.079734886523403,12.535079513564074,17.460118524631476,,,,,Lowry Hill
"55405,08,16",2010,14901,1454,555802812.0,3493,159,16952.0,59416353.0,0.47691666666666666,0.7406666666666667,0.23441379773169585,0.109353507565337,39.74491231360779,20.864505403158763,23.246893762695198,inf,inf,inf,inf,Lowry Hill
"55405,08,16",2011,15420,1470,583718783.0,3688,158,17732.0,65598697.0,0.5180833333333333,0.7406666666666667,0.23916990920881973,0.10748299319727891,3.482987718945041,1.1004126547455195,5.022639396074169,5.582593758946475,-0.6289308176100628,4.601226993865026,10.405121970377419,Lowry Hill
"55405,08,16",2012,17660,1454,732456085.0,3806,164,18304.0,69644617.0,0.5169166666666668,0.6968333333333333,0.21551528878822196,0.11279229711141678,14.526588845654986,-1.0884353741496544,25.48098610696925,3.199566160520617,3.797468354430378,3.2258064516129004,6.167683483103326,Lowry Hill
"55405,08,16",2013,16455,1192,654457015.0,4050,170,17992.0,73011269.0,0.5215833333333334,0.7235833333333334,0.24612579762989972,0.14261744966442952,-6.823329558323898,-18.01925722145805,-10.648975631078283,6.4109301103520755,3.658536585365857,-1.7045454545454586,4.834044819285888,Lowry Hill
"55405,08,16",2014,15955,1205,629051145.0,4199,164,18252.0,76682837.0,0.5298333333333333,0.734,0.2631776872453776,0.13609958506224065,-3.038590094196292,1.090604026845643,-3.8819768781911512,3.6790123456790225,-3.529411764705881,1.4450867052023142,5.028768915110904,Lowry Hill
"55405,08,16",2015,16265,1163,680169618.0,4156,165,19448.0,80941652.0,0.5166666666666668,0.6854166666666667,0.25551798339993853,0.1418744625967326,1.942964587903484,-3.4854771784232352,8.126282482166047,-1.02405334603477,0.6097560975609762,6.552706552706544,5.553804692958875,Lowry Hill
"55405,08,16",2016,19320,1400,859500711.0,3862,169,20592.0,79829448.0,0.5249999999999999,0.7161666666666666,0.19989648033126295,0.12071428571428572,18.78266215800799,20.37833190025795,26.36564295937134,-7.074109720885469,2.4242424242424176,5.882352941176472,-1.3740811714591628,Lowry Hill
"55405,08,16",2017,20135,1523,904599262.0,3664,178,21788.0,80018978.0,0.50725,0.72125,0.18197169108517508,0.11687458962573867,4.2184265010351885,8.785714285714285,5.247063838670862,-5.126877265665463,5.3254437869822535,5.808080808080818,0.2374186528259603,Lowry Hill
"55405,08,16",2018,17186,1446,910384067.0,0,0,0.0,0.0,0.46175000000000005,0.6935833333333333,0.0,0.0,-14.64613856468835,-5.055810899540381,0.6394881405507924,-100.0,-100.0,-100.0,-100.0,Lowry Hill
"55405,08,16",2019,16407,1425,869769855.0,0,0,0.0,0.0,0.4411666666666667,0.7645,0.0,0.0,-4.532759222623062,-1.4522821576763434,-4.461217355641612,,,,,Lowry Hill
"55405,08,16",2020,15687,1489,932638137.0,0,0,0.0,0.0,0.4513636363636364,0.7585454545454546,0.0,0.0,-4.388370817334064,4.491228070175435,7.228151405638217,,,,,Lowry Hill
"55405,08,16",2021,16066,1373,985136026.0,0,0,0.0,0.0,0.40375,0.7937500000000001,0.0,0.0,2.4160132593867623,-7.790463398253866,5.628966575275274,,,,,Lowry Hill
"55405,08,16",2022,16045,1467,1083205670.0,0,0,0.0,0.0,0.4939166666666666,0.9129999999999998,0.0,0.0,-0.13071081787625616,6.846321922796794,9.954934284374662,,,,,Lowry Hill
55406,2000,6369,425,214188629.0,0,0,0.0,0.0,0.29024999999999995,0.4905,0.0,0.0,,,,,,,,Howe
55406,2001,6147,429,211361696.0,0,0,0.0,0.0,0.30233333333333334,0.476,0.0,0.0,-3.485633537447008,0.9411764705882453,-1.319833369865775,,,,,Howe
55406,2002,6155,419,215393905.0,0,0,0.0,0.0,0.3115,0.46937500000000004,0.0,0.0,0.1301447860745153,-2.33100233100233,1.9077292983114669,,,,,Howe
55406,2003,6469,431,229955670.0,0,0,0.0,0.0,0.31166666666666665,0.45216666666666666,0.0,0.0,5.101543460601143,2.863961813842475,6.760527880303768,,,,,Howe
55406,2004,6470,423,238393914.0,0,0,0.0,0.0,0.3025833333333333,0.5363333333333334,0.0,0.0,0.015458339774299112,-1.8561484918793503,3.6695089971036543,,,,,Howe
55406,2005,6004,426,218581941.0,0,0,0.0,0.0,0.3239166666666667,0.5540833333333334,0.0,0.0,-7.202472952086558,0.7092198581560183,-8.310603516497494,,,,,Howe
55406,2006,6540,453,246733658.0,0,0,0.0,0.0,0.3286666666666667,0.5491666666666666,0.0,0.0,8.927381745503006,6.338028169014076,12.879251081405663,,,,,Howe
55406,2007,7391,497,266575208.0,787,58,13780.0,10839361.0,0.36024999999999996,0.549,0.10648085509403328,0.11670020120724346,13.012232415902147,9.713024282560712,8.041687607938751,inf,inf,inf,inf,Howe
55406,2008,5685,449,206421620.0,925,62,13884.0,12881469.0,0.5066666666666667,0.7325833333333334,0.1627088830255057,0.13808463251670378,-23.0821269111081,-9.657947686116696,-22.565334732853326,17.53494282083863,6.896551724137923,0.7547169811320753,18.839745258046126,Howe
55406,2009,5877,426,215487793.0,950,58,14456.0,13769093.0,0.5010833333333334,0.7656666666666667,0.16164709885996256,0.13615023474178403,3.377308707124005,-5.122494432071267,4.392065617932861,2.7027027027026973,-6.451612903225811,4.119850187265928,6.890704779090018,Howe
55406,2010,5397,420,190749470.0,929,55,14508.0,13487803.0,0.47691666666666666,0.7406666666666667,0.17213266629609042,0.13095238095238096,-8.167432363450743,-1.4084507042253502,-11.480150525278244,-2.210526315789474,-5.1724137931034475,0.3597122302158251,-2.04290870865641,Howe
55406,2011,6276,435,208199100.0,896,54,14664.0,13147600.0,0.5180833333333333,0.7406666666666667,0.14276609305289995,0.12413793103448276,16.286826014452483,3.571428571428581,9.14793105322913,-3.5522066738428393,-1.8181818181818188,1.0752688172043001,-2.5223010745337837,Howe
55406,2012,6773,536,225661072.0,930,53,15288.0,14275447.0,0.5169166666666668,0.6968333333333333,0.1373099069836114,0.09888059701492537,7.91905672402804,23.21839080459771,8.38715056885453,3.7946428571428603,-1.851851851851849,4.255319148936176,8.578348900179499,Howe
55406,2013,5813,474,205110697.0,1037,54,15392.0,15998317.0,0.5215833333333334,0.7235833333333334,0.17839325649406504,0.11392405063291139,-14.173925882179239,-11.567164179104472,-9.106743497168178,11.505376344086017,1.8867924528301883,0.6802721088435382,12.068763941332271,Howe
55406,2014,7029,418,234451453.0,1238,56,15496.0,19237141.0,0.5298333333333333,0.734,0.1761274719021198,0.1339712918660287,20.918630655427496,-11.814345991561181,14.304839498448985,19.382835101253626,3.703703703703698,0.6756756756756799,20.244779497743416,Howe
55406,2015,8597,440,304221193.0,1267,57,17264.0,21891660.0,0.5166666666666668,0.6854166666666667,0.1473769919739444,0.12954545454545455,22.30758287096315,5.263157894736836,29.75871512299819,2.342487883683364,1.7857142857142794,11.409395973154357,13.798926773994125,Howe
55406,2016,8606,440,317767285.0,1344,63,18668.0,25160079.0,0.5249999999999999,0.7161666666666666,0.15617011387404137,0.1431818181818182,0.10468768174944909,0.0,4.452711484830707,6.077348066298338,10.526315789473696,8.132530120481917,14.92997333231012,Howe
55406,2017,9360,497,343845111.0,1353,69,19708.0,26677627.0,0.50725,0.72125,0.14455128205128207,0.13883299798792756,8.761329305135956,12.954545454545464,8.206579856072981,0.6696428571428603,9.523809523809534,5.571030640668528,6.03157088656201,Howe
55406,2018,9829,631,385593030.0,1355,73,21008.0,28463994.0,0.46175000000000005,0.6935833333333333,0.13785736087089226,0.11568938193343899,5.010683760683765,26.961770623742453,12.141489776773362,0.14781966001478075,5.797101449275366,6.596306068601576,6.696124059310082,Howe
55406,2019,9126,561,356737904.0,1327,75,21892.0,29070787.0,0.4411666666666667,0.7645,0.14540872233179924,0.13368983957219252,-7.152304405331167,-11.093502377179076,-7.483311096157519,-2.0664206642066474,2.7397260273972712,4.207920792079212,2.1317914836547436,Howe
55406,2020,8319,583,361497586.0,949,74,23244.0,22062117.0,0.4513636363636364,0.7585454545454546,0.11407621108306287,0.1269296740994854,-8.842866535174231,3.9215686274509887,1.3342237947330693,-28.485305199698562,-1.3333333333333308,6.175771971496435,-24.108979230593242,Howe
55406,2021,8100,613,355934052.0,1027,72,25064.0,25944555.0,0.40375,0.7937500000000001,0.1267901234567901,0.11745513866231648,-2.6325279480706842,5.145797598627788,-1.539023831821662,8.219178082191792,-2.7027027027026973,7.829977628635354,17.597758184312042,Howe
55406,2022,8333,730,377395691.0,1068,72,27144.0,29030047.0,0.4939166666666666,0.9129999999999998,0.1281651266050642,0.09863013698630137,2.8765432098765364,19.08646003262642,6.029667259821481,3.992210321324241,0.0,8.298755186721984,11.89263797355553,Howe
55407,2000,3849,338,157420801.0,483,38,11232.0,5452700.0,0.29024999999999995,0.4905,0.1254871395167576,0.11242603550295859,,,,,,,,Powderhorn Park
55407,2001,3504,305,144995688.0,464,40,11960.0,5556472.0,0.30233333333333334,0.476,0.1324200913242009,0.13114754098360656,-8.963367108339826,-9.763313609467462,-7.892929600834641,-3.9337474120082816,5.263157894736836,6.481481481481488,1.9031305591725278,Powderhorn Park
55407,2002,4010,324,162742399.0,466,42,12792.0,5956071.0,0.3115,0.46937500000000004,0.11620947630922693,0.12962962962962962,14.440639269406397,6.229508196721301,12.239475011146528,0.4310344827586299,5.000000000000004,6.956521739130439,7.191595674377549,Powderhorn Park
55407,2003,3575,352,162569754.0,463,45,13988.0,6466973.0,0.31166666666666665,0.45216666666666666,0.12951048951048952,0.1278409090909091,-10.847880299251866,8.64197530864197,-0.10608483164857851,-0.6437768240343367,7.14285714285714,9.349593495934961,8.577835959309411,Powderhorn Park
55407,2004,3498,342,160898466.0,439,47,14196.0,6212429.0,0.3025833333333333,0.5363333333333334,0.12550028587764436,0.13742690058479531,-2.1538461538461506,-2.840909090909094,-1.0280436298132023,-5.183585313174943,4.444444444444451,1.486988847583648,-3.9360609670088254,Powderhorn Park
55407,2005,2522,335,119653387.0,405,49,13572.0,5476088.0,0.3239166666666667,0.5540833333333334,0.16058683584456782,0.14626865671641792,-27.901658090337335,-2.046783625730997,-25.634227612835037,-7.744874715261963,4.255319148936176,-4.395604395604391,-11.852706888078723,Powderhorn Park
55407,2006,4230,414,206542178.0,465,53,13312.0,6189479.0,0.3286666666666667,0.5491666666666666,0.1099290780141844,0.1280193236714976,67.72402854877082,23.582089552238816,72.6170760214251,14.814814814814813,8.163265306122458,-1.9157088122605415,13.027383781999124,Powderhorn Park
55407,2007,5792,406,307236267.0,466,47,13936.0,6502657.0,0.36024999999999996,0.549,0.08045580110497237,0.11576354679802955,36.92671394799054,-1.9323671497584516,48.75231295372513,0.21505376344086446,-11.32075471698113,4.6875,5.059844293841209,Powderhorn Park
55407,2008,6077,416,350163127.0,473,53,14404.0,6822473.0,0.5066666666666667,0.7325833333333334,0.07783445779167353,0.12740384615384615,4.92058011049723,2.4630541871921263,13.971937759548414,1.5021459227467782,12.765957446808507,3.3582089552238736,4.918235730409903,Powderhorn Park
55407,2009,6109,410,384202345.0,475,52,15080.0,7162966.0,0.5010833333333334,0.7656666666666667,0.07775413324603045,0.12682926829268293,0.5265756129669175,-1.4423076923076872,9.720960139815071,0.42283298097252064,-1.8867924528301883,4.693140794223827,4.990756284414766,Powderhorn Park
55407,2010,4040,361,243496639.0,462,50,15704.0,7299273.0,0.47691666666666666,0.7406666666666667,0.11435643564356436,0.13850415512465375,-33.868063512849886,-11.951219512195122,-36.622812908651035,-2.7368421052631597,-3.8461538461538436,4.137931034482767,1.9029407650406283,Powderhorn Park
55407,2011,3255,299,217501606.0,487,50,16380.0,7994948.0,0.5180833333333333,0.7406666666666667,0.14961597542242702,0.16722408026755853,-19.430693069306926,-17.174515235457065,-10.675725589789353,5.411255411255422,0.0,4.304635761589415,9.530743678171794,Powderhorn Park
55407,2012,4462,348,268482063.0,555,55,17524.0,9751158.0,0.5169166666666668,0.6968333333333333,0.12438368444643658,0.15804597701149425,37.08141321044547,16.387959866220726,23.439117502424335,13.963039014373724,10.000000000000009,6.9841269841269815,21.9664968427562,Powderhorn Park
55407,2013,5729,359,330640082.0,538,58,17108.0,9202775.0,0.5215833333333334,0.7235833333333334,0.09390818641996858,0.1615598885793872,28.395338413267602,3.1609195402298784,23.151646819698346,-3.063063063063065,5.454545454545445,-2.3738872403560873,-5.623773094436579,Powderhorn Park
55407,2014,6149,407,366134035.0,613,58,17836.0,10964668.0,0.5298333333333333,0.734,0.09969100666775085,0.14250614250614252,7.331122359923192,13.370473537604454,10.734921424317822,13.94052044609666,0.0,4.255319148936176,19.145236083681283,Powderhorn Park
55407,2015,6696,410,402696918.0,675,56,18408.0,12464851.0,0.5166666666666668,0.6854166666666667,0.10080645161290322,0.13658536585365855,8.895755407383321,0.7371007371007376,9.986201637878334,10.114192495921692,-3.4482758620689613,3.206997084548102,13.6819737724845,Powderhorn Park
55407,2016,6714,421,405167043.0,715,56,20176.0,14467993.0,0.5249999999999999,0.7161666666666666,0.10649389335716414,0.1330166270783848,0.26881720430107503,2.682926829268295,0.6133955562083626,5.9259259259259345,0.0,9.604519774011289,16.07032446677461,Powderhorn Park
55407,2017,6745,456,409552789.0,753,64,20488.0,15427110.0,0.50725,0.72125,0.11163825055596738,0.14035087719298245,0.4617217753946967,8.313539192399055,1.0824537868446615,5.314685314685308,14.28571428571428,1.546391752577314,6.629233232280396,Powderhorn Park
55407,2018,6583,457,481103747.0,0,0,0.0,0.0,0.46175000000000005,0.6935833333333333,0.0,0.0,-2.4017790956263885,0.21929824561404132,17.47050927786504,-100.0,-100.0,-100.0,-100.0,Powderhorn Park
55407,2019,6050,443,446656264.0,0,0,0.0,0.0,0.4411666666666667,0.7645,0.0,0.0,-8.096612486708189,-3.063457330415753,-7.1600945149155155,,,,,Powderhorn Park
55407,2020,7246,623,545881843.0,620,77,22984.0,14171516.0,0.4513636363636364,0.7585454545454546,0.08556444935136627,0.12359550561797752,19.768595041322314,40.63205417607223,22.215199247715024,inf,inf,inf,inf,Powderhorn Park
55407,2021,6638,585,481922688.0,687,76,24596.0,16981449.0,0.40375,0.7937500000000001,0.10349502862307924,0.12991452991452992,-8.390836323488827,-6.09951845906902,-11.716666494804073,10.806451612903235,-1.2987012987012991,7.0135746606334815,19.828033923822975,Powderhorn Park
55407,2022,7015,635,512076518.0,691,78,26520.0,18358914.0,0.4939166666666666,0.9129999999999998,0.0985032074126871,0.12283464566929134,5.679421512503757,8.547008547008538,6.2569849377998255,0.5822416302765587,2.6315789473684292,7.822410147991543,8.111586944082338,Powderhorn Park
"55409,10,19",2000,9617,1203,269086965.0,773,65,11128.0,8619294.0,0.29024999999999995,0.4905,0.08037849641260268,0.05403158769742311,,,,,,,,King Field
"55409,10,19",2001,9060,1176,263084464.0,808,65,11804.0,9546017.0,0.30233333333333334,0.476,0.08918322295805739,0.055272108843537414,-5.791826973068526,-2.244389027431426,-2.2306918508668727,4.527813712807238,0.0,6.074766355140193,10.751727461669125,King Field
"55409,10,19",2002,9343,1176,266852787.0,883,66,12272.0,10842984.0,0.3115,0.46937500000000004,0.0945092582682222,0.05612244897959184,3.1236203090507786,0.0,1.4323624218266273,9.28217821782178,1.538461538461533,3.96475770925111,13.586472766599943,King Field
"55409,10,19",2003,8287,1093,249595149.0,0,0,0.0,0.0,0.31166666666666665,0.45216666666666666,0.0,0.0,-11.30257947126191,-7.057823129251705,-6.467100529101833,-100.0,-100.0,-100.0,-100.0,King Field
"55409,10,19",2004,8283,1148,251691048.0,0,0,0.0,0.0,0.3025833333333333,0.5363333333333334,0.0,0.0,-0.048268372149151695,5.03202195791399,0.8397194450281642,,,,,King Field
"55409,10,19",2005,9015,1174,255076575.0,865,70,12064.0,10448346.0,0.3239166666666667,0.5540833333333334,0.09595119245701608,0.059625212947189095,8.837377761680543,2.2648083623693305,1.3451122027987372,inf,inf,inf,inf,King Field
"55409,10,19",2006,8055,1114,248131324.0,801,71,12480.0,10018577.0,0.3286666666666667,0.5491666666666666,0.09944134078212291,0.06373429084380611,-10.648918469217971,-5.110732538330498,-2.722810199250947,-7.3988439306358345,1.4285714285714235,3.4482758620689724,-4.1132730481934665,King Field
"55409,10,19",2007,7940,1082,250060077.0,809,68,13156.0,10700648.0,0.36024999999999996,0.549,0.10188916876574307,0.06284658040665435,-1.4276846679081356,-2.872531418312385,0.777311372424716,0.9987515605493158,-4.225352112676061,5.41666666666667,6.808062661992809,King Field
"55409,10,19",2008,8909,1098,299656338.0,805,67,13936.0,11220221.0,0.5066666666666667,0.7325833333333334,0.09035806487821305,0.0610200364298725,12.204030226700247,1.4787430683918634,19.833738194042063,-0.49443757725586845,-1.4705882352941124,5.928853754940722,4.8555283754778245,King Field
"55409,10,19",2009,6763,958,235356854.0,0,0,0.0,0.0,0.5010833333333334,0.7656666666666667,0.0,0.0,-24.088000897968342,-12.750455373406188,-21.457742035144268,-100.0,-100.0,-100.0,-100.0,King Field
"55409,10,19",2010,7392,997,244256850.0,849,68,15028.0,12771167.0,0.47691666666666666,0.7406666666666667,0.1148538961038961,0.06820461384152457,9.300606239834398,4.07098121085594,3.7814900432005194,inf,inf,inf,inf,King Field
"55409,10,19",2011,6846,937,243867453.0,0,0,0.0,0.0,0.5180833333333333,0.7406666666666667,0.0,0.0,-7.386363636363635,-6.018054162487463,-0.15942111756538369,-100.0,-100.0,-100.0,-100.0,King Field
"55409,10,19",2012,6993,896,249987110.0,0,0,0.0,0.0,0.5169166666666668,0.6968333333333333,0.0,0.0,2.147239263803691,-4.375667022411955,2.5094193278838217,,,,,King Field
"55409,10,19",2013,6660,859,239211507.0,0,0,0.0,0.0,0.5215833333333334,0.7235833333333334,0.0,0.0,-4.761904761904767,-4.12946428571429,-4.31046344749535,,,,,King Field
"55409,10,19",2014,7323,984,265131378.0,0,0,0.0,0.0,0.5298333333333333,0.734,0.0,0.0,9.954954954954953,14.55180442374855,10.835545214804409,,,,,King Field
"55409,10,19",2015,7294,921,278708994.0,0,0,0.0,0.0,0.5166666666666668,0.6854166666666667,0.0,0.0,-0.3960125631571776,-6.4024390243902385,5.121089816837898,,,,,King Field
"55409,10,19",2016,7197,883,275091672.0,0,0,0.0,0.0,0.5249999999999999,0.7161666666666666,0.0,0.0,-1.3298601590348236,-4.125950054288818,-1.2978849186330854,,,,,King Field
"55409,10,19",2017,7790,1021,304130863.0,0,0,0.0,0.0,0.50725,0.72125,0.0,0.0,8.239544254550513,15.628539071347669,10.556186884494267,,,,,King Field
"55409,10,19",2018,9955,1148,379517993.0,1911,88,26572.0,50785716.0,0.46175000000000005,0.6935833333333333,0.19196383726770466,0.07665505226480836,27.79204107830553,12.438785504407445,24.787727643412506,inf,inf,inf,inf,King Field
"55409,10,19",2019,9892,1160,392333468.0,2012,95,27976.0,56307828.0,0.4411666666666667,0.7645,0.20339668418924384,0.08189655172413793,-0.6328478151682582,1.0452961672473782,3.3767766578592706,5.285190999476708,7.954545454545459,5.283757338551864,10.873356594992178,King Field
"55409,10,19",2020,7367,1067,343533854.0,0,0,0.0,0.0,0.4513636363636364,0.7585454545454546,0.0,0.0,-25.525677315002028,-8.017241379310347,-12.438300063659113,-100.0,-100.0,-100.0,-100.0,King Field
"55409,10,19",2021,8820,1232,411685183.0,1630,98,30940.0,51276071.0,0.40375,0.7937500000000001,0.18480725623582767,0.07954545454545454,19.723089452965926,15.463917525773185,19.838315265429408,inf,inf,inf,inf,King Field
"55409,10,19",2022,7079,1219,376029972.0,0,0,0.0,0.0,0.4939166666666666,0.9129999999999998,0.0,0.0,-19.739229024943306,-1.0551948051948035,-8.660795304843404,-100.0,-100.0,-100.0,-100.0,King Field
55411,2000,8561,317,301701477.0,487,29,10556.0,5145131.0,0.29024999999999995,0.4905,0.056885877818011917,0.0914826498422713,,,,,,,,Near - North
55411,2001,7556,309,270146597.0,472,29,11388.0,5388138.0,0.30233333333333334,0.476,0.06246691371095818,0.09385113268608414,-11.739282794066119,-2.5236593059936863,-10.458974319174452,-3.0800821355236097,0.0,7.881773399014769,4.723047867974595,Near - North
55411,2002,6447,277,245506115.0,0,0,0.0,0.0,0.3115,0.46937500000000004,0.0,0.0,-14.677077818951823,-10.35598705501618,-9.1211520980218,-100.0,-100.0,-100.0,-100.0,Near - North
55411,2003,6790,312,250814650.0,468,32,11336.0,5309967.0,0.31166666666666665,0.45216666666666666,0.06892488954344625,0.10256410256410256,5.320304017372424,12.635379061371843,2.1622821899975886,inf,inf,inf,inf,Near - North
55411,2004,6849,340,270205352.0,423,35,12220.0,5177184.0,0.3025833333333333,0.5363333333333334,0.06176084099868594,0.10294117647058823,0.8689248895434432,8.974358974358964,7.731088275744669,-9.615384615384615,9.375,7.798165137614688,-2.5006370096085306,Near - North
55411,2005,6845,374,275819078.0,413,35,12168.0,5029661.0,0.3239166666666667,0.5540833333333334,0.060336011687363036,0.09358288770053476,-0.05840268652358427,10.000000000000009,2.077577649165141,-2.3640661938534313,0.0,-0.42553191489361764,-2.8494834257387747,Near - North
55411,2006,7100,345,283806069.0,451,36,13936.0,6291707.0,0.3286666666666667,0.5491666666666666,0.06352112676056337,0.10434782608695652,3.725346968590215,-7.754010695187164,2.895735515438136,9.200968523002429,2.857142857142847,14.529914529914523,25.09206882929087,Near - North
55411,2007,6737,306,277323677.0,445,31,14248.0,6342304.0,0.36024999999999996,0.549,0.0660531393795458,0.10130718954248366,-5.112676056338028,-11.304347826086957,-2.284092099524482,-1.3303769401330379,-13.888888888888884,2.238805970149249,0.8041855731679703,Near - North
55411,2008,5975,272,251224226.0,0,0,0.0,0.0,0.5066666666666667,0.7325833333333334,0.0,0.0,-11.310672406115485,-11.111111111111116,-9.411187419096567,-100.0,-100.0,-100.0,-100.0,Near - North
55411,2009,6379,258,254550497.0,364,28,13312.0,4836648.0,0.5010833333333334,0.7656666666666667,0.057062235460103465,0.10852713178294573,6.7615062761506195,-5.147058823529416,1.32402477776965,inf,inf,inf,inf,Near - North
55411,2010,6613,269,277962236.0,0,0,0.0,0.0,0.47691666666666666,0.7406666666666667,0.0,0.0,3.668286565292367,4.263565891472876,9.197286697892393,-100.0,-100.0,-100.0,-100.0,Near - North
55411,2011,6180,275,256414926.0,0,0,0.0,0.0,0.5180833333333333,0.7406666666666667,0.0,0.0,-6.547709057916229,2.230483271375472,-7.7518839645540965,,,,,Near - North
55411,2012,6268,326,248798528.0,424,33,13052.0,5533766.0,0.5169166666666668,0.6968333333333333,0.06764518187619656,0.10122699386503067,1.4239482200647302,18.545454545454554,-2.970341125929621,inf,inf,inf,inf,Near - North
55411,2013,6012,292,257645520.0,0,0,0.0,0.0,0.5215833333333334,0.7235833333333334,0.0,0.0,-4.084237396298662,-10.429447852760731,3.5558859898077833,-100.0,-100.0,-100.0,-100.0,Near - North
55411,2014,6103,295,264628835.0,0,0,0.0,0.0,0.5298333333333333,0.734,0.0,0.0,1.513639387890886,1.0273972602739656,2.7104352522799635,,,,,Near - North
55411,2015,8380,310,388002123.0,0,0,0.0,0.0,0.5166666666666668,0.6854166666666667,0.0,0.0,37.30951990824185,5.084745762711873,46.62125652331122,,,,,Near - North
55411,2016,8714,285,416405090.0,0,0,0.0,0.0,0.5249999999999999,0.7161666666666666,0.0,0.0,3.985680190930796,-8.064516129032262,7.320312265404794,,,,,Near - North
55411,2017,9959,358,457978009.0,975,42,20696.0,20173329.0,0.50725,0.72125,0.09790139572246209,0.11731843575418995,14.287353683727332,25.614035087719287,9.983768209941912,inf,inf,inf,inf,Near - North
55411,2018,8189,322,402355289.0,0,0,0.0,0.0,0.46175000000000005,0.6935833333333333,0.0,0.0,-17.77286876192389,-10.05586592178771,-12.145281849111667,-100.0,-100.0,-100.0,-100.0,Near - North
55411,2019,8539,336,443444275.0,0,0,0.0,0.0,0.4411666666666667,0.7645,0.0,0.0,4.274026132616915,4.347826086956519,10.2121152929594,,,,,Near - North
55411,2020,7829,346,437746358.0,0,0,0.0,0.0,0.4513636363636364,0.7585454545454546,0.0,0.0,-8.314790959128704,2.9761904761904656,-1.2849228913824673,,,,,Near - North
55411,2021,8204,372,488825103.0,0,0,0.0,0.0,0.40375,0.7937500000000001,0.0,0.0,4.789883765487302,7.514450867052025,11.668571095227698,,,,,Near - North
55411,2022,9150,419,576144131.0,602,37,29588.0,17780829.0,0.4939166666666666,0.9129999999999998,0.06579234972677596,0.0883054892601432,11.530960507069722,12.634408602150549,17.863040883970307,inf,inf,inf,inf,Near - North
"55412,30",2000,1777,124,64841236.0,0,0,0.0,0.0,0.29024999999999995,0.4905,0.0,0.0,,,,,,,,Webber - Camden
"55412,30",2001,1882,120,73211539.0,0,0,0.0,0.0,0.30233333333333334,0.476,0.0,0.0,5.908835115362976,-3.2258064516129004,12.908919564704169,,,,,Webber - Camden
"55412,30",2002,1857,121,67448600.0,0,0,0.0,0.0,0.3115,0.46937500000000004,0.0,0.0,-1.3283740701381497,0.8333333333333304,-7.871626629785777,,,,,Webber - Camden
"55412,30",2003,1820,117,67054535.0,0,0,0.0,0.0,0.31166666666666665,0.45216666666666666,0.0,0.0,-1.9924609585352693,-3.3057851239669422,-0.5842448916656529,,,,,Webber - Camden
"55412,30",2004,1530,95,50071428.0,0,0,0.0,0.0,0.3025833333333333,0.5363333333333334,0.0,0.0,-15.934065934065933,-18.803418803418804,-25.32730560282015,,,,,Webber - Camden
"55412,30",2005,1421,131,58962368.0,0,0,0.0,0.0,0.3239166666666667,0.5540833333333334,0.0,0.0,-7.124183006535945,37.89473684210527,17.756513754710568,,,,,Webber - Camden
"55412,30",2006,2045,164,78932368.0,0,0,0.0,0.0,0.3286666666666667,0.5491666666666666,0.0,0.0,43.91273750879663,25.190839694656496,33.869060347101396,,,,,Webber - Camden
"55412,30",2007,1555,108,52825194.0,0,0,0.0,0.0,0.36024999999999996,0.549,0.0,0.0,-23.96088019559902,-34.14634146341463,-33.07537156366575,,,,,Webber - Camden
"55412,30",2008,1545,116,60056841.0,0,0,0.0,0.0,0.5066666666666667,0.7325833333333334,0.0,0.0,-0.6430868167202619,7.407407407407418,13.689768938662116,,,,,Webber - Camden
"55412,30",2009,1685,130,61835196.0,136,12,12428.0,1686902.0,0.5010833333333334,0.7656666666666667,0.08071216617210683,0.09230769230769231,9.061488673139163,12.06896551724137,2.961119783173416,inf,inf,inf,inf,Webber - Camden
"55412,30",2010,1578,146,69491290.0,0,0,0.0,0.0,0.47691666666666666,0.7406666666666667,0.0,0.0,-6.350148367952524,12.307692307692308,12.381450201920607,-100.0,-100.0,-100.0,-100.0,Webber - Camden
"55412,30",2011,1726,143,76484983.0,0,0,0.0,0.0,0.5180833333333333,0.7406666666666667,0.0,0.0,9.378960709759188,-2.0547945205479423,10.064128900183022,,,,,Webber - Camden
"55412,30",2012,1757,126,87837339.0,0,0,0.0,0.0,0.5169166666666668,0.6968333333333333,0.0,0.0,1.7960602549246918,-11.888111888111885,14.842594656783792,,,,,Webber - Camden
"55412,30",2013,2116,164,99367810.0,0,0,0.0,0.0,0.5215833333333334,0.7235833333333334,0.0,0.0,20.43255549231644,30.15873015873016,13.127072303499542,,,,,Webber - Camden
"55412,30",2014,2177,166,109339206.0,0,0,0.0,0.0,0.5298333333333333,0.734,0.0,0.0,2.882797731569009,1.2195121951219523,10.034835224807704,,,,,Webber - Camden
"55412,30",2015,2433,162,134954500.0,0,0,0.0,0.0,0.5166666666666668,0.6854166666666667,0.0,0.0,11.759301791456123,-2.409638554216864,23.42736419724869,,,,,Webber - Camden
"55412,30",2016,1759,156,98064197.0,0,0,0.0,0.0,0.5249999999999999,0.7161666666666666,0.0,0.0,-27.702424989724616,-3.703703703703709,-27.33536340025713,,,,,Webber - Camden
"55412,30",2017,1573,148,75721927.0,0,0,0.0,0.0,0.50725,0.72125,0.0,0.0,-10.574189880613982,-5.128205128205132,-22.783309998449287,,,,,Webber - Camden
"55412,30",2018,1474,137,78397687.0,0,0,0.0,0.0,0.46175000000000005,0.6935833333333333,0.0,0.0,-6.2937062937062915,-7.432432432432434,3.5336660146010335,,,,,Webber - Camden
"55412,30",2019,1572,183,84462358.0,0,0,0.0,0.0,0.4411666666666667,0.7645,0.0,0.0,6.648575305291726,33.57664233576643,7.735777970082203,,,,,Webber - Camden
"55412,30",2020,1474,164,82326086.0,0,0,0.0,0.0,0.4513636363636364,0.7585454545454546,0.0,0.0,-6.234096692111956,-10.382513661202186,-2.5292592470600894,,,,,Webber - Camden
"55412,30",2021,1682,188,97485165.0,0,0,0.0,0.0,0.40375,0.7937500000000001,0.0,0.0,14.111261872455906,14.634146341463406,18.41345767367102,,,,,Webber - Camden
"55412,30",2022,1701,187,101296134.0,0,0,0.0,0.0,0.4939166666666666,0.9129999999999998,0.0,0.0,1.1296076099881036,-0.5319148936170248,3.9092809659808214,,,,,Webber - Camden
"55413,18,21",2000,24462,1116,1071051673.0,0,0,0.0,0.0,0.29024999999999995,0.4905,0.0,0.0,,,,,,,,Beltrami
"55413,18,21",2001,24298,1144,1084782143.0,0,0,0.0,0.0,0.30233333333333334,0.476,0.0,0.0,-0.6704276019949273,2.508960573476693,1.2819614913201383,,,,,Beltrami
"55413,18,21",2002,22400,1117,1031305096.0,0,0,0.0,0.0,0.3115,0.46937500000000004,0.0,0.0,-7.81134249732488,-2.360139860139865,-4.929749935974015,,,,,Beltrami
"55413,18,21",2003,21934,1150,1028480563.0,0,0,0.0,0.0,0.31166666666666665,0.45216666666666666,0.0,0.0,-2.0803571428571477,2.9543419874664245,-0.27387947668979784,,,,,Beltrami
"55413,18,21",2004,25322,1169,1077290156.0,0,0,0.0,0.0,0.3025833333333333,0.5363333333333334,0.0,0.0,15.446339017051148,1.6521739130434865,4.745796348122133,,,,,Beltrami
"55413,18,21",2005,21917,1116,1014220408.0,0,0,0.0,0.0,0.3239166666666667,0.5540833333333334,0.0,0.0,-13.446805149672226,-4.533789563729684,-5.8544810466085835,,,,,Beltrami
"55413,18,21",2006,26033,1237,1160048022.0,0,0,0.0,0.0,0.3286666666666667,0.5491666666666666,0.0,0.0,18.779942510380067,10.842293906810042,14.378296162228278,,,,,Beltrami
"55413,18,21",2007,26898,1190,1271238357.0,0,0,0.0,0.0,0.36024999999999996,0.549,0.0,0.0,3.3227057964890783,-3.7995149555375862,9.584976905378495,,,,,Beltrami
"55413,18,21",2008,25961,1211,1291854067.0,0,0,0.0,0.0,0.5066666666666667,0.7325833333333334,0.0,0.0,-3.4835303740055057,1.764705882352935,1.6217029549557616,,,,,Beltrami
"55413,18,21",2009,23815,1033,1124555679.0,0,0,0.0,0.0,0.5010833333333334,0.7656666666666667,0.0,0.0,-8.266245522129346,-14.69859620148638,-12.950254388137484,,,,,Beltrami
"55413,18,21",2010,24367,958,1146407665.0,0,0,0.0,0.0,0.47691666666666666,0.7406666666666667,0.0,0.0,2.31786689061515,-7.26040658276863,1.9431662129376859,,,,,Beltrami
"55413,18,21",2011,24735,1013,1214122626.0,0,0,0.0,0.0,0.5180833333333333,0.7406666666666667,0.0,0.0,1.5102392580128798,5.741127348643005,5.906708675050609,,,,,Beltrami
"55413,18,21",2012,24473,929,1230032327.0,0,0,0.0,0.0,0.5169166666666668,0.6968333333333333,0.0,0.0,-1.0592278148372714,-8.292201382033559,1.3103866660005625,,,,,Beltrami
"55413,18,21",2013,25337,951,1254502885.0,0,0,0.0,0.0,0.5215833333333334,0.7235833333333334,0.0,0.0,3.530421280594931,2.3681377825618855,1.9894239738952768,,,,,Beltrami
"55413,18,21",2014,26192,994,1341354038.0,0,0,0.0,0.0,0.5298333333333333,0.734,0.0,0.0,3.3745115838497153,4.5215562565720235,6.923152910883901,,,,,Beltrami
"55413,18,21",2015,26461,1071,1312830212.0,1862,89,18928.0,35290374.0,0.5166666666666668,0.6854166666666667,0.07036771097086278,0.08309990662931839,1.0270311545510058,7.746478873239426,-2.126494958969216,inf,inf,inf,inf,Beltrami
"55413,18,21",2016,24138,973,1307482448.0,0,0,0.0,0.0,0.5249999999999999,0.7161666666666666,0.0,0.0,-8.778957711348777,-9.150326797385622,-0.4073462014446694,-100.0,-100.0,-100.0,-100.0,Beltrami
"55413,18,21",2017,24105,1061,1449554873.0,0,0,0.0,0.0,0.50725,0.72125,0.0,0.0,-0.13671389510315768,9.044193216855078,10.86610571463671,,,,,Beltrami
"55413,18,21",2018,23739,1082,1488124744.0,0,0,0.0,0.0,0.46175000000000005,0.6935833333333333,0.0,0.0,-1.5183571873055413,1.9792648444863392,2.660807929276654,,,,,Beltrami
"55413,18,21",2019,25118,1106,1620559443.0,0,0,0.0,0.0,0.4411666666666667,0.7645,0.0,0.0,5.8090062765912664,2.2181146025878062,8.89943531508135,,,,,Beltrami
"55413,18,21",2020,21640,1114,1567660371.0,0,0,0.0,0.0,0.4513636363636364,0.7585454545454546,0.0,0.0,-13.84664384107015,0.723327305605781,-3.2642475552808192,,,,,Beltrami
"55413,18,21",2021,23418,1166,1701219701.0,0,0,0.0,0.0,0.40375,0.7937500000000001,0.0,0.0,8.216266173752306,4.667863554757634,8.51965977265876,,,,,Beltrami
"55413,18,21",2022,22122,1268,1673087441.0,0,0,0.0,0.0,0.4939166666666666,0.9129999999999998,0.0,0.0,-5.534204458109149,8.747855917667247,-1.653652375614012,,,,,Beltrami
"55414,55",2000,25281,795,1058808840.0,1627,94,12272.0,19972021.0,0.29024999999999995,0.4905,0.06435663146236303,0.11823899371069183,,,,,,,,University of Minnesota
"55414,55",2001,25842,803,1141368768.0,1673,91,12636.0,21157896.0,0.30233333333333334,0.476,0.06473957124061605,0.1133250311332503,2.219057790435497,1.0062893081761004,7.797434709744211,2.827289489858642,-3.1914893617021267,2.9661016949152463,5.937681519561799,University of Minnesota
"55414,55",2002,26274,809,1190151915.0,1740,96,13468.0,23512329.0,0.3115,0.46937500000000004,0.06622516556291391,0.11866501854140915,1.671697237055958,0.7471980074719831,4.274091631706534,4.0047818290496195,5.494505494505497,6.584362139917688,11.127916499825874,University of Minnesota
"55414,55",2003,26350,803,1178220803.0,1957,101,13416.0,26264878.0,0.31166666666666665,0.45216666666666666,0.07426944971537001,0.12577833125778332,0.2892593438380109,-0.7416563658838027,-1.0024864766948638,12.471264367816094,5.208333333333326,-0.38610038610038533,11.706832615348306,University of Minnesota
"55414,55",2004,26814,787,1205652057.0,1940,108,13104.0,25456116.0,0.3025833333333333,0.5363333333333334,0.07235026478705155,0.1372299872935197,1.7609108159392761,-1.992528019925277,2.3281929779336963,-0.8686765457332601,6.930693069306937,-2.3255813953488413,-3.0792528333845715,University of Minnesota
"55414,55",2005,27528,830,1283650661.0,2017,114,12636.0,25578581.0,0.3239166666666667,0.5540833333333334,0.07327085149665795,0.13734939759036144,2.662788095770874,5.4637865311308875,6.469412426839161,3.9690721649484617,5.555555555555558,-3.57142857142857,0.48108281719017043,University of Minnesota
"55414,55",2006,28135,821,1355647033.0,2082,118,13676.0,28497352.0,0.3286666666666667,0.5491666666666666,0.07400035542918074,0.14372716199756394,2.205027608253407,-1.0843373493975905,5.608720050353333,3.222607833415969,3.5087719298245723,8.230452674897126,11.41099656779241,University of Minnesota
"55414,55",2007,27607,794,1397055700.0,2206,118,14976.0,33103958.0,0.36024999999999996,0.549,0.07990726989531641,0.1486146095717884,-1.8766660742846941,-3.2886723507917215,3.0545315994506383,5.955811719500481,0.0,9.505703422053235,16.165031754529323,University of Minnesota
"55414,55",2008,27623,778,1498627269.0,2008,113,15392.0,30988258.0,0.5066666666666667,0.7325833333333334,0.07269304565036383,0.14524421593830333,0.05795631542724333,-2.015113350125941,7.270402246667751,-8.975521305530377,-4.23728813559322,2.777777777777768,-6.391078674036499,University of Minnesota
"55414,55",2009,26883,740,1432618321.0,1980,109,15652.0,31000425.0,0.5010833333333334,0.7656666666666667,0.07365249414127888,0.1472972972972973,-2.678926981138907,-4.884318766066842,-4.404627445758824,-1.3944223107569709,-3.539823008849563,1.6891891891891886,0.03926325900605043,University of Minnesota
"55414,55",2010,27160,687,1455848717.0,2113,104,15964.0,33850018.0,0.47691666666666666,0.7406666666666667,0.07779823269513991,0.15138282387190685,1.0303909533906142,-7.162162162162167,1.6215341978723652,6.717171717171722,-4.587155963302747,1.9933554817275656,9.19210946301543,University of Minnesota
"55414,55",2011,27453,704,1494111874.0,2181,106,16640.0,36344407.0,0.5180833333333333,0.7406666666666667,0.07944486941317888,0.15056818181818182,1.0787923416789358,2.4745269286754024,2.628237161814928,3.2181732134406005,1.9230769230769162,4.234527687296419,7.3689443828360846,University of Minnesota
"55414,55",2012,29207,766,1637964634.0,2298,108,16796.0,38571554.0,0.5169166666666668,0.6968333333333333,0.0786797685486356,0.1409921671018277,6.389101373256101,8.806818181818187,9.627977831062996,5.364511691884455,1.8867924528301883,0.9374999999999911,6.127894726690686,University of Minnesota
"55414,55",2013,28692,676,1628964384.0,2245,103,17108.0,38501204.0,0.5215833333333334,0.7235833333333334,0.07824480691481946,0.15236686390532544,-1.7632759270038045,-11.749347258485642,-0.5494776757188569,-2.306353350739776,-4.629629629629628,1.8575851393188847,-0.18238829578917093,University of Minnesota
"55414,55",2014,29660,706,1777761053.0,2410,107,17524.0,42393722.0,0.5298333333333333,0.734,0.08125421443020904,0.15155807365439095,3.3737627213160426,4.4378698224851965,9.134433537130061,7.349665924276172,3.8834951456310662,2.4316109422492405,10.110120192604889,University of Minnesota
"55414,55",2015,30447,691,1852470989.0,2506,110,18616.0,46862921.0,0.5166666666666668,0.6854166666666667,0.08230695963477519,0.15918958031837915,2.6534052596089097,-2.1246458923512734,4.202473435556819,3.983402489626564,2.8037383177569986,6.231454005934722,10.542124609865589,University of Minnesota
"55414,55",2016,30967,642,1884163952.0,2597,111,19344.0,50297554.0,0.5249999999999999,0.7161666666666666,0.08386346756224368,0.17289719626168223,1.7078858344007575,-7.09117221418234,1.710848007239707,3.6312849162011274,0.9090909090909038,3.910614525139655,7.3291056697041945,University of Minnesota
"55414,55",2017,32550,732,1913702946.0,2566,122,20020.0,51505247.0,0.50725,0.72125,0.07883256528417819,0.16666666666666666,5.1118933057771265,14.018691588785037,1.5677507240622557,-1.1936850211782812,9.90990990990992,3.4946236559139754,2.4010968803771293,University of Minnesota
"55414,55",2018,33341,752,2092163277.0,2546,124,20072.0,51214321.0,0.46175000000000005,0.6935833333333333,0.0763624366395729,0.16489361702127658,2.4301075268817307,2.732240437158473,9.32539354516937,-0.7794232268121593,1.6393442622950838,0.2597402597402487,-0.5648473057512038,University of Minnesota
"55414,55",2019,32279,685,2134542907.0,2482,122,21840.0,54438868.0,0.4411666666666667,0.7645,0.07689209702902816,0.1781021897810219,-3.1852673885006455,-8.909574468085102,2.025636835609168,-2.513747054202675,-1.6129032258064502,8.808290155440424,6.296182272923234,University of Minnesota
"55414,55",2020,10533,626,621737348.0,1695,119,21944.0,36938591.0,0.4513636363636364,0.7585454545454546,0.16092281401310168,0.1900958466453674,-67.36887759843862,-8.613138686131382,-70.87257670196836,-31.70829975825947,-2.4590163934426257,0.4761904761904745,-32.146658523465256,University of Minnesota
"55414,55",2021,30087,681,2219421308.0,1863,119,23452.0,44300623.0,0.40375,0.7937500000000001,0.06192043075082262,0.17474302496328928,185.64511535175163,8.785942492012788,256.9708841103752,9.911504424778773,0.0,6.872037914691953,19.93046242613856,University of Minnesota
"55414,55",2022,30944,691,2374857504.0,2208,129,25480.0,56333690.0,0.4939166666666666,0.9129999999999998,0.07135470527404343,0.18668596237337193,2.8484062884302164,1.4684287812041008,7.003456055852197,18.518518518518512,8.403361344537807,8.64745011086474,27.162297469270346,University of Minnesota
55417,2000,1803,243,54698960.0,0,0,0.0,0.0,0.29024999999999995,0.4905,0.0,0.0,,,,,,,,Wenonah
55417,2001,1826,244,55259481.0,0,0,0.0,0.0,0.30233333333333334,0.476,0.0,0.0,1.2756516916250682,0.4115226337448652,1.0247379474856544,,,,,Wenonah
55417,2002,1761,232,53137671.0,0,0,0.0,0.0,0.3115,0.46937500000000004,0.0,0.0,-3.559693318729462,-4.918032786885251,-3.8397211873922643,,,,,Wenonah
55417,2003,1734,224,53452967.0,0,0,0.0,0.0,0.31166666666666665,0.45216666666666666,0.0,0.0,-1.5332197614991494,-3.4482758620689613,0.5933568296585756,,,,,Wenonah
55417,2004,1587,197,51081061.0,0,0,0.0,0.0,0.3025833333333333,0.5363333333333334,0.0,0.0,-8.477508650519027,-12.05357142857143,-4.437370146356889,,,,,Wenonah
55417,2005,1240,187,40766735.0,0,0,0.0,0.0,0.3239166666666667,0.5540833333333334,0.0,0.0,-21.865154379332076,-5.076142131979699,-20.192074710429374,,,,,Wenonah
55417,2006,1382,205,46248415.0,0,0,0.0,0.0,0.3286666666666667,0.5491666666666666,0.0,0.0,11.451612903225804,9.625668449197855,13.44645333995964,,,,,Wenonah
55417,2007,1475,211,54032700.0,0,0,0.0,0.0,0.36024999999999996,0.549,0.0,0.0,6.729377713458762,2.9268292682926855,16.831463305283002,,,,,Wenonah
55417,2008,1494,187,57365186.0,0,0,0.0,0.0,0.5066666666666667,0.7325833333333334,0.0,0.0,1.2881355932203409,-11.374407582938383,6.167535584932837,,,,,Wenonah
55417,2009,1577,192,63509070.0,0,0,0.0,0.0,0.5010833333333334,0.7656666666666667,0.0,0.0,5.555555555555558,2.673796791443861,10.710126521685126,,,,,Wenonah
55417,2010,1774,203,71694798.0,0,0,0.0,0.0,0.47691666666666666,0.7406666666666667,0.0,0.0,12.492073557387439,5.729166666666674,12.889069230583905,,,,,Wenonah
55417,2011,1137,211,49138892.0,0,0,0.0,0.0,0.5180833333333333,0.7406666666666667,0.0,0.0,-35.9075535512965,3.9408866995073843,-31.461007812589138,,,,,Wenonah
55417,2012,1078,179,44522868.0,0,0,0.0,0.0,0.5169166666666668,0.6968333333333333,0.0,0.0,-5.1890941072999075,-15.165876777251185,-9.393830044031116,,,,,Wenonah
55417,2013,1152,192,46684641.0,0,0,0.0,0.0,0.5215833333333334,0.7235833333333334,0.0,0.0,6.864564007421148,7.2625698324022325,4.855421712725239,,,,,Wenonah
55417,2014,1221,196,49246143.0,0,0,0.0,0.0,0.5298333333333333,0.734,0.0,0.0,5.989583333333326,2.083333333333326,5.486819530217657,,,,,Wenonah
55417,2015,1190,167,45972663.0,0,0,0.0,0.0,0.5166666666666668,0.6854166666666667,0.0,0.0,-2.5389025389025432,-14.795918367346939,-6.647180470559899,,,,,Wenonah
55417,2016,1445,162,67683890.0,0,0,0.0,0.0,0.5249999999999999,0.7161666666666666,0.0,0.0,21.42857142857142,-2.9940119760479056,47.22638538472308,,,,,Wenonah
55417,2017,1816,177,110797707.0,0,0,0.0,0.0,0.50725,0.72125,0.0,0.0,25.67474048442906,9.259259259259256,63.698787111674584,,,,,Wenonah
55417,2018,1772,150,113389138.0,0,0,0.0,0.0,0.46175000000000005,0.6935833333333333,0.0,0.0,-2.4229074889867808,-15.254237288135597,2.3388850456986354,,,,,Wenonah
55417,2019,2164,148,142240850.0,0,0,0.0,0.0,0.4411666666666667,0.7645,0.0,0.0,22.12189616252822,-1.3333333333333308,25.444864039798954,,,,,Wenonah
55417,2020,2088,147,138982516.0,0,0,0.0,0.0,0.4513636363636364,0.7585454545454546,0.0,0.0,-3.512014787430684,-0.6756756756756799,-2.290716063634324,,,,,Wenonah
55417,2021,2799,206,182522295.0,0,0,0.0,0.0,0.40375,0.7937500000000001,0.0,0.0,34.051724137931025,40.136054421768705,31.327522520890327,,,,,Wenonah
55417,2022,2102,220,152662061.0,0,0,0.0,0.0,0.4939166666666666,0.9129999999999998,0.0,0.0,-24.901750625223297,6.796116504854366,-16.359773473152963,,,,,Wenonah
