Zipcode,Year,Total Employment in Zipcode,Total Establishments in Zipcode,Total Payroll in Zipcode,Employment for NAICS 722,Establishments for NAICS 722,Avg. Annual Wage for NAICS 722,Total Payroll for NAICS 722,Flour Avg Price per lb,Rice Avg Price per lb,% Food Service Jobs in Zip,% Food Service Establishments in Zip,Total Employment in Zipcode Yearly % Change,Total Establishments in Zipcode Yearly % Change,Total Payroll in Zipcode Yearly % Change,Employment for NAICS 722 Yearly % Change,Establishments for NAICS 722 Yearly % Change,Avg. Annual Wage for NAICS 722 Yearly % Change,Total Payroll for NAICS 722 Yearly % Change,Neighborhood,Adjusted Avg. Annual Wage for NAICS 722,Adjusted Flour Avg Price per lb,Adjusted Rice Avg Price per lb,Adjusted Avg. Annual Wage for NAICS 722 Yearly % Change,Adjusted Avg. Flour Avg Price per lb Yearly % Change,Adjusted Avg. Rice Avg Price per lb Yearly % Change,% Difference Avg. Wage NAICS 722 - Flour,% Difference Avg. Wage NAICS 722 - Rice
"55401-04;15,54,87,88",2000,153650,4880,8205509715.0,8089,368,15132.0,122613294.0,0.29024999999999995,0.4905,0.05264562316954117,0.07540983606557378,0.0,0.0,0.0,0.0,0.0,0.0,0.0,North Loop,25716.930662020906,0.4932817290940766,0.8336078832752613,,,,,
"55401-04;15,54,87,88",2001,153482,4752,8618403063.0,7971,363,15392.0,123097435.0,0.30233333333333334,0.476,0.051934428792952916,0.0763888888888889,-0.001093394077448795,-0.02622950819672132,0.05031903712760388,-0.014587711707256812,-0.013586956521739135,0.01718213058419238,0.003948519644207504,North Loop,25435.040993788818,0.4996011387163561,0.7865826086956521,-0.010961248522880163,0.012810954165858313,-0.05641174408625549,-0.023772202688738475,0.045450495563375326
"55401-04;15,54,87,88",2002,142347,4462,8143669190.0,8185,369,15340.0,125700410.0,0.3115,0.46937500000000004,0.05750033369161275,0.08269834155087405,-0.07254922401323938,-0.061026936026935985,-0.055083739937633935,0.026847321540584668,0.016528925619834656,-0.0033783783783783994,0.021145647754561292,North Loop,24954.57309616453,0.5067372568093385,0.763562760561423,-0.01888999894836485,0.014283630560405491,-0.029265645947094687,-0.03317362950877034,0.010375646998729837
"55401-04;15,54,87,88",2003,138532,4402,8094680577.0,8059,379,15964.0,128937572.0,0.31166666666666665,0.45216666666666666,0.05817428464181561,0.08609722853248523,-0.026800705318693052,-0.01344688480502021,-0.006015545555332125,-0.01539401343921809,0.027100271002709952,0.04067796610169494,0.025752994759523862,North Loop,25391.002282608697,0.4957109148550724,0.719178455615942,0.017488946204863964,-0.021759485425826397,-0.05812790675234958,0.03924843163069036,0.07561685295721354
"55401-04;15,54,87,88",2004,144339,4358,9171613599.0,8397,386,16276.0,136867030.0,0.3025833333333333,0.5363333333333334,0.05817554507097874,0.08857273978889399,0.041918112782606265,-0.009995456610631503,0.13304206531138085,0.041940687430202184,0.01846965699208436,0.019543973941368087,0.06149842809200723,North Loop,25215.737321334036,0.4687799122110463,0.8309191724016234,-0.006902640522966186,-0.05432804047072415,0.1553727255219024,0.04742539994775796,-0.16227536604486859
"55401-04;15,54,87,88",2005,139520,4302,9049017223.0,8576,412,16692.0,143486899.0,0.3239166666666667,0.5540833333333334,0.061467889908256884,0.09576940957694095,-0.03338667996868483,-0.012849931161083017,-0.013366936436721155,0.02131713707276406,0.06735751295336789,0.025559105431310014,0.048367156063808814,North Loop,25012.786789554528,0.4853857249530636,0.8302880589691073,-0.008048566226449339,0.03542347338155838,-0.0007595364910066849,-0.04347203960800772,-0.007289029735442654
"55401-04;15,54,87,88",2006,149430,4469,10202305659.0,8865,421,17368.0,153920063.0,0.3286666666666667,0.5491666666666666,0.05932543665930536,0.09420452002685165,0.07102924311926606,0.03881915388191537,0.12744902651623558,0.033698694029850706,0.02184466019417486,0.04049844236760114,0.07271161390141967,North Loop,25212.460515873012,0.4771128141534392,0.797204220403439,0.007982866043613646,-0.01704399279650093,-0.03984621747631234,0.025026858840114574,0.047829083519925986
"55401-04;15,54,87,88",2007,142963,4124,10096189567.0,9223,395,17680.0,163419322.0,0.36024999999999996,0.549,0.06451319572197002,0.0957807953443259,-0.04327778893127221,-0.07719847840680238,-0.0104011872949904,0.040383530738860696,-0.061757719714964354,0.017964071856287456,0.0617155347707985,North Loop,24954.61797416828,0.5084785704295317,0.7748917006684608,-0.010226790104139294,0.06574075427369541,-0.027988461631182182,-0.0759675443778347,0.017761671527042888
"55401-04;15,54,87,88",2008,144017,4209,10038377074.0,9188,394,18460.0,169892836.0,0.5066666666666667,0.7325833333333334,0.06379802384440726,0.09360893323829889,0.007372536950119857,0.0206110572259941,-0.005726169523298519,-0.003794860674400935,-0.0025316455696202667,0.044117647058823595,0.03961290452545141,North Loop,25092.132018597047,0.6886970145949353,0.9957788577802755,0.00551056500128011,0.35442682277281823,0.28505552056018435,-0.3489162577715381,-0.27954495555890424
"55401-04;15,54,87,88",2009,146088,4314,9960902372.0,8652,373,18148.0,157317173.0,0.5010833333333334,0.7656666666666667,0.059224576967307374,0.08646267964765879,0.014380246776422245,0.024946543121881604,-0.0077178513447819785,-0.05833696125380927,-0.053299492385786795,-0.016901408450704203,-0.07402114942621829,North Loop,24756.116380857376,0.6835396361311414,1.044464024076655,-0.013391274902054273,-0.007488602904467623,0.04889154445888244,-0.00590267199758665,-0.062282819360936714
"55401-04;15,54,87,88",2010,146520,4241,10552234647.0,8333,379,19084.0,159404638.0,0.47691666666666666,0.7406666666666667,0.05687278187278187,0.0893657156331054,0.0029571217348447476,-0.016921650440426483,0.05936533186613979,-0.036870087840961574,0.01608579088471851,0.05157593123209159,0.013269148944088816,North Loop,25612.815148402242,0.6400743253262159,0.9940556707145564,0.03460553967209923,-0.06358857410367702,-0.04826241229961126,0.09819411377577625,0.08286795197171049
"55401-04;15,54,87,88",2011,151671,4400,11136227572.0,8545,398,19396.0,166252917.0,0.5180833333333333,0.7406666666666667,0.05633904965352638,0.09045454545454545,0.035155610155610084,0.037491157745814574,0.05534305713776266,0.02544101764070561,0.05013192612137196,0.016348773841961872,0.04296160441705599,North Loop,25235.00317863954,0.6740479770811939,0.9636381567150797,-0.014750895892295945,0.0530776667813746,-0.0305994069503287,-0.06782856267367054,0.015848511058032755
"55401-04;15,54,87,88",2012,154014,4284,11567873852.0,9460,416,20280.0,192059097.0,0.5169166666666668,0.6968333333333333,0.06142298752061501,0.09710550887021475,0.015447910279486443,-0.026363636363636367,0.03876054769977011,0.10708016383850194,0.045226130653266416,0.04557640750670244,0.15522241934558068,North Loop,25850.1676873089,0.6588946012671645,0.8882277375134657,0.024377429410830098,-0.02248115316605137,-0.07825594978376371,0.04685858257688147,0.10263337919459381
"55401-04;15,54,87,88",2013,144146,4021,11468638904.0,9425,414,20644.0,195108998.0,0.5215833333333334,0.7235833333333334,0.0653850956668933,0.10295946282019398,-0.06407209734180008,-0.06139122315592904,-0.008578494999998854,-0.0036997885835095,-0.004807692307692291,0.017948717948717885,0.015880013223221523,North Loop,25934.270358907437,0.655245261643422,0.909010162462028,0.0032534671579644847,-0.005538578729775923,0.02339763111512516,0.008792045887740407,-0.020144163957160677
"55401-04;15,54,87,88",2014,155766,4179,12407042716.0,9991,425,21580.0,215966378.0,0.5298333333333333,0.734,0.0641410834200018,0.10169897104570472,0.08061271211133159,0.03929370803282772,0.08182346831695142,0.060053050397878005,0.02657004830917864,0.04534005037783384,0.10690116916084014,North Loop,26677.374374831033,0.6549843461352166,0.9073768670586645,0.02865336119504014,-0.00039819518503803053,-0.0017967845364234014,0.02905155638007817,0.03045014573146354
"55401-04;15,54,87,88",2015,161604,4110,13315311357.0,10204,416,22724.0,232282829.0,0.5166666666666668,0.6854166666666667,0.06314200143560803,0.10121654501216545,0.03747929586687726,-0.016511127063890907,0.07320589295857793,0.02131918726854165,-0.02117647058823524,0.053012048192771166,0.07555088505489493,North Loop,28058.292105629553,0.6379503720548879,0.846313195185718,0.05176362978589655,-0.02600668883285362,-0.06729692379186314,0.07777031861875017,0.11906055357775969
"55401-04;15,54,87,88",2016,166170,4066,13860149226.0,10346,411,23556.0,244258937.0,0.5249999999999999,0.7161666666666666,0.06226153938737437,0.10108214461387113,0.028254251132397767,-0.010705596107056015,0.040918147115919457,0.01391611132889059,-0.012019230769230727,0.03661327231121292,0.05155830093665692,North Loop,28723.250488527417,0.6401641410458859,0.8732651790711659,0.023699175288165453,0.003470127282577229,0.03184634723736446,0.020229048005588224,-0.008147171949199006
"55401-04;15,54,87,88",2017,159133,4047,14237926731.0,10337,424,24648.0,254666703.0,0.50725,0.72125,0.0649582424764191,0.10476896466518408,-0.04234819762893427,-0.004672897196261627,0.027256380782057832,-0.0008699014111733794,0.031630170316301776,0.04635761589403975,0.04260956068927779,North Loop,29427.873857702347,0.6056186714670365,0.861118712263381,0.024531463437829526,-0.05396345618861087,-0.01390925356797601,0.0784949196264404,0.038440717005805536
"55401-04;15,54,87,88",2018,162988,4226,14961727803.0,10950,434,25740.0,282276896.0,0.46175000000000005,0.6935833333333333,0.06718286008785923,0.10269758637008992,0.024225019323458996,0.044230294044971474,0.05083612843884633,0.05930153816387729,0.02358490566037741,0.044303797468354444,0.10841697275202877,North Loop,29998.923566447767,0.538150853022815,0.8083431780741542,0.0194050617284387,-0.11140313471641994,-0.06128717613220891,0.13080819644485864,0.08069223786064761
"55401-04;15,54,87,88",2019,164357,4239,15465370734.0,10854,429,26832.0,291761862.0,0.4411666666666667,0.7645,0.06603917082935318,0.10120311394196745,0.008399391366235465,0.0030761949834359203,0.03366208352614297,-0.008767123287671263,-0.011520737327188946,0.042424242424242475,0.03360163773375202,North Loop,30715.05556272662,0.5050111314508632,0.8751364034624515,0.023871923093927494,-0.06158072849983354,0.0826297879415887,0.08545265159376103,-0.05875786484766121
"55401-04;15,54,87,88",2020,148898,4189,15380483441.0,5617,418,27456.0,153933482.0,0.4513636363636364,0.7585454545454546,0.03772381093097288,0.09978515158749104,-0.09405744811599137,-0.011795234725171078,-0.005488862469580469,-0.48249493274368893,-0.02564102564102566,0.023255813953488413,-0.4724002618272295,North Loop,31046.34532535325,0.5103872130628142,0.8577383496064697,0.0107859079710948,0.01064547150971884,-0.019880390973506468,0.000140436461375959,0.030666298944601267
"55401-04;15,54,87,88",2021,148201,4159,16292541001.0,6243,405,30004.0,190986359.0,0.40375,0.7937500000000001,0.042125221827113174,0.09737917768694397,-0.004681056830850627,-0.007161613750298446,0.05929966788746799,0.11144739184618113,-0.031100478468899517,0.09280303030303028,0.24070706722530977,North Loop,32405.139388124142,0.4360610261283536,0.857271676753884,0.04376663496238531,-0.14562705536534104,-0.0005440736709507732,0.18939369032772635,0.04431070863333608
"55401-04;15,54,87,88",2022,153292,4379,17291375031.0,7993,403,32708.0,262605818.0,0.4939166666666666,0.9129999999999998,0.052142316624481384,0.09203014386846312,0.0343519949258102,0.052897331089204025,0.06130621552148896,0.28031395162582085,-0.004938271604938316,0.09012131715771221,0.3749977714376973,North Loop,32707.999999999996,0.4939166666666666,0.9129999999999998,0.00934606724718634,0.13267785257489018,0.0650066073069564,-0.12333178532770384,-0.05566054005977006
"55405,08,16",2000,17952,1621,637916246.0,0,0,0.0,0.0,0.29024999999999995,0.4905,0.0,0.0,0.0,0.0,0.0,0.0,0.0,0.0,0.0,Lowry Hill,0.0,0.4932817290940766,0.8336078832752613,,,,,
"55405,08,16",2001,17960,1584,651570541.0,0,0,0.0,0.0,0.30233333333333334,0.476,0.0,0.0,0.00044563279857401383,-0.022825416409623656,0.021404526198569362,0.0,0.0,0.0,0.0,Lowry Hill,0.0,0.4996011387163561,0.7865826086956521,,0.012810954165858313,-0.05641174408625549,,
"55405,08,16",2002,13922,1465,500040639.0,0,0,0.0,0.0,0.3115,0.46937500000000004,0.0,0.0,-0.22483296213808468,-0.07512626262626265,-0.23256100830991988,0.0,0.0,0.0,0.0,Lowry Hill,0.0,0.5067372568093385,0.763562760561423,,0.014283630560405491,-0.029265645947094687,,
"55405,08,16",2003,16371,1444,627807676.0,0,0,0.0,0.0,0.31166666666666665,0.45216666666666666,0.0,0.0,0.1759086338169804,-0.014334470989761039,0.2555133063894832,0.0,0.0,0.0,0.0,Lowry Hill,0.0,0.4957109148550724,0.719178455615942,,-0.021759485425826397,-0.05812790675234958,,
"55405,08,16",2004,16059,1359,619836520.0,0,0,0.0,0.0,0.3025833333333333,0.5363333333333334,0.0,0.0,-0.019058090525929994,-0.05886426592797789,-0.012696811945319353,0.0,0.0,0.0,0.0,Lowry Hill,0.0,0.4687799122110463,0.8309191724016234,,-0.05432804047072415,0.1553727255219024,,
"55405,08,16",2005,16146,1369,618290451.0,0,0,0.0,0.0,0.3239166666666667,0.5540833333333334,0.0,0.0,0.005417522884363812,0.00735835172921262,-0.002494317372587207,0.0,0.0,0.0,0.0,Lowry Hill,0.0,0.4853857249530636,0.8302880589691073,,0.03542347338155838,-0.0007595364910066849,,
"55405,08,16",2006,13994,1189,508203546.0,0,0,0.0,0.0,0.3286666666666667,0.5491666666666666,0.0,0.0,-0.13328378545769848,-0.13148283418553686,-0.17805046935780677,0.0,0.0,0.0,0.0,Lowry Hill,0.0,0.4771128141534392,0.797204220403439,,-0.01704399279650093,-0.03984621747631234,,
"55405,08,16",2007,11638,1078,448122661.0,0,0,0.0,0.0,0.36024999999999996,0.549,0.0,0.0,-0.16835786765756755,-0.09335576114381838,-0.1182220893043513,0.0,0.0,0.0,0.0,Lowry Hill,0.0,0.5084785704295317,0.7748917006684608,,0.06574075427369541,-0.027988461631182182,,
"55405,08,16",2008,9958,1069,383932010.0,0,0,0.0,0.0,0.5066666666666667,0.7325833333333334,0.0,0.0,-0.1443547001202956,-0.008348794063079756,-0.14324348350685168,0.0,0.0,0.0,0.0,Lowry Hill,0.0,0.6886970145949353,0.9957788577802755,,0.35442682277281823,0.28505552056018435,,
"55405,08,16",2009,10663,1203,450966994.0,0,0,0.0,0.0,0.5010833333333334,0.7656666666666667,0.0,0.0,0.07079734886523403,0.12535079513564074,0.17460118524631474,0.0,0.0,0.0,0.0,Lowry Hill,0.0,0.6835396361311414,1.044464024076655,,-0.007488602904467623,0.04889154445888244,,
"55405,08,16",2010,14901,1454,555802812.0,3493,159,16952.0,59416353.0,0.47691666666666666,0.7406666666666667,0.23441379773169585,0.109353507565337,0.39744912313607794,0.20864505403158762,0.23246893762695198,1.0,1.0,1.0,1.0,Lowry Hill,22751.437979234688,0.6400743253262159,0.9940556707145564,inf,-0.06358857410367702,-0.04826241229961126,inf,inf
"55405,08,16",2011,15420,1470,583718783.0,3688,158,17732.0,65598697.0,0.5180833333333333,0.7406666666666667,0.23916990920881973,0.10748299319727891,0.03482987718945041,0.011004126547455195,0.05022639396074169,0.05582593758946475,-0.0062893081761006275,0.04601226993865026,0.10405121970377418,Lowry Hill,23070.06993006993,0.6740479770811939,0.9636381567150797,0.014004914815760605,0.0530776667813746,-0.0305994069503287,-0.039072751965613994,0.044604321766089305
"55405,08,16",2012,17660,1454,732456085.0,3806,164,18304.0,69644617.0,0.5169166666666668,0.6968333333333333,0.21551528878822196,0.11279229711141678,0.14526588845654986,-0.010884353741496544,0.2548098610696925,0.03199566160520617,0.03797468354430378,0.032258064516129004,0.061676834831033256,Lowry Hill,23331.433399827518,0.6588946012671645,0.8882277375134657,0.011329114759939252,-0.02248115316605137,-0.07825594978376371,0.03381026792599062,0.08958506454370296
"55405,08,16",2013,16455,1192,654457015.0,4050,170,17992.0,73011269.0,0.5215833333333334,0.7235833333333334,0.24612579762989972,0.14261744966442952,-0.06823329558323898,-0.18019257221458052,-0.10648975631078283,0.06410930110352075,0.03658536585365857,-0.017045454545454586,0.048340448192858876,Lowry Hill,22602.663839249304,0.655245261643422,0.909010162462028,-0.03123552454276557,-0.005538578729775923,0.02339763111512516,-0.025696945812989647,-0.05463315565789073
"55405,08,16",2014,15955,1205,629051145.0,4199,164,18252.0,76682837.0,0.5298333333333333,0.734,0.2631776872453776,0.13609958506224065,-0.030385900941962918,0.01090604026845643,-0.03881976878191151,0.036790123456790225,-0.03529411764705881,0.014450867052023142,0.05028768915110904,Lowry Hill,22563.273266423355,0.6549843461352166,0.9073768670586645,-0.0017427402852201457,-0.00039819518503803053,-0.0017967845364234014,-0.0013445451001821151,5.404425120325573e-05
"55405,08,16",2015,16265,1163,680169618.0,4156,165,19448.0,80941652.0,0.5166666666666668,0.6854166666666667,0.25551798339993853,0.1418744625967326,0.01942964587903484,-0.03485477178423235,0.08126282482166047,-0.0102405334603477,0.0060975609756097615,0.06552706552706544,0.05553804692958875,Lowry Hill,24013.275165916366,0.6379503720548879,0.846313195185718,0.06426380970401024,-0.02600668883285362,-0.06729692379186314,0.09027049853686386,0.13156073349587338
"55405,08,16",2016,19320,1400,859500711.0,3862,169,20592.0,79829448.0,0.5249999999999999,0.7161666666666666,0.19989648033126295,0.12071428571428572,0.1878266215800799,0.2037833190025795,0.2636564295937134,-0.07074109720885469,0.024242424242424176,0.05882352941176472,-0.013740811714591628,Lowry Hill,25109.066652222642,0.6401641410458859,0.8732651790711659,0.04563273767260223,0.003470127282577229,0.03184634723736446,0.042162610390025,0.013786390435237772
"55405,08,16",2017,20135,1523,904599262.0,3664,178,21788.0,80018978.0,0.50725,0.72125,0.18197169108517508,0.11687458962573867,0.042184265010351885,0.08785714285714286,0.05247063838670862,-0.05126877265665464,0.053254437869822535,0.05808080808080818,0.002374186528259603,Lowry Hill,26013.247144255874,0.6056186714670365,0.861118712263381,0.03601011955389399,-0.05396345618861087,-0.01390925356797601,0.08997357574250486,0.04991937312187
"55405,08,16",2018,17186,1446,910384067.0,0,0,0.0,0.0,0.46175000000000005,0.6935833333333333,0.0,0.0,-0.1464613856468835,-0.050558108995403805,0.006394881405507924,-1.0,-1.0,-1.0,-1.0,Lowry Hill,0.0,0.538150853022815,0.8083431780741542,-1.0,-0.11140313471641994,-0.06128717613220891,-0.8885968652835801,-0.9387128238677911
"55405,08,16",2019,16407,1425,869769855.0,0,0,0.0,0.0,0.4411666666666667,0.7645,0.0,0.0,-0.04532759222623062,-0.014522821576763434,-0.04461217355641611,0.0,0.0,0.0,0.0,Lowry Hill,0.0,0.5050111314508632,0.8751364034624515,,-0.06158072849983354,0.0826297879415887,,
"55405,08,16",2020,15687,1489,932638137.0,0,0,0.0,0.0,0.4513636363636364,0.7585454545454546,0.0,0.0,-0.04388370817334064,0.04491228070175435,0.07228151405638217,0.0,0.0,0.0,0.0,Lowry Hill,0.0,0.5103872130628142,0.8577383496064697,,0.01064547150971884,-0.019880390973506468,,
"55405,08,16",2021,16066,1373,985136026.0,0,0,0.0,0.0,0.40375,0.7937500000000001,0.0,0.0,0.024160132593867623,-0.07790463398253866,0.05628966575275274,0.0,0.0,0.0,0.0,Lowry Hill,0.0,0.4360610261283536,0.857271676753884,,-0.14562705536534104,-0.0005440736709507732,,
"55405,08,16",2022,16045,1467,1083205670.0,0,0,0.0,0.0,0.4939166666666666,0.9129999999999998,0.0,0.0,-0.0013071081787625616,0.06846321922796794,0.09954934284374661,0.0,0.0,0.0,0.0,Lowry Hill,0.0,0.4939166666666666,0.9129999999999998,,0.13267785257489018,0.0650066073069564,,
55406,2000,6369,425,214188629.0,0,0,0.0,0.0,0.29024999999999995,0.4905,0.0,0.0,0.0,0.0,0.0,0.0,0.0,0.0,0.0,Howe,0.0,0.4932817290940766,0.8336078832752613,,,,,
55406,2001,6147,429,211361696.0,0,0,0.0,0.0,0.30233333333333334,0.476,0.0,0.0,-0.03485633537447008,0.009411764705882453,-0.01319833369865775,0.0,0.0,0.0,0.0,Howe,0.0,0.4996011387163561,0.7865826086956521,,0.012810954165858313,-0.05641174408625549,,
55406,2002,6155,419,215393905.0,0,0,0.0,0.0,0.3115,0.46937500000000004,0.0,0.0,0.001301447860745153,-0.023310023310023298,0.01907729298311467,0.0,0.0,0.0,0.0,Howe,0.0,0.5067372568093385,0.763562760561423,,0.014283630560405491,-0.029265645947094687,,
55406,2003,6469,431,229955670.0,0,0,0.0,0.0,0.31166666666666665,0.45216666666666666,0.0,0.0,0.051015434606011434,0.02863961813842475,0.06760527880303768,0.0,0.0,0.0,0.0,Howe,0.0,0.4957109148550724,0.719178455615942,,-0.021759485425826397,-0.05812790675234958,,
55406,2004,6470,423,238393914.0,0,0,0.0,0.0,0.3025833333333333,0.5363333333333334,0.0,0.0,0.00015458339774299112,-0.018561484918793503,0.03669508997103654,0.0,0.0,0.0,0.0,Howe,0.0,0.4687799122110463,0.8309191724016234,,-0.05432804047072415,0.1553727255219024,,
55406,2005,6004,426,218581941.0,0,0,0.0,0.0,0.3239166666666667,0.5540833333333334,0.0,0.0,-0.07202472952086558,0.007092198581560183,-0.08310603516497495,0.0,0.0,0.0,0.0,Howe,0.0,0.4853857249530636,0.8302880589691073,,0.03542347338155838,-0.0007595364910066849,,
55406,2006,6540,453,246733658.0,0,0,0.0,0.0,0.3286666666666667,0.5491666666666666,0.0,0.0,0.08927381745503005,0.06338028169014076,0.12879251081405663,0.0,0.0,0.0,0.0,Howe,0.0,0.4771128141534392,0.797204220403439,,-0.01704399279650093,-0.03984621747631234,,
55406,2007,7391,497,266575208.0,787,58,13780.0,10839361.0,0.36024999999999996,0.549,0.10648085509403328,0.11670020120724346,0.13012232415902147,0.09713024282560712,0.08041687607938752,1.0,1.0,1.0,1.0,Howe,19449.922832807628,0.5084785704295317,0.7748917006684608,inf,0.06574075427369541,-0.027988461631182182,inf,inf
55406,2008,5685,449,206421620.0,925,62,13884.0,12881469.0,0.5066666666666667,0.7325833333333334,0.1627088830255057,0.13808463251670378,-0.23082126911108103,-0.09657947686116697,-0.22565334732853326,0.17534942820838628,0.06896551724137923,0.007547169811320753,0.18839745258046126,Howe,18872.110560465946,0.6886970145949353,0.9957788577802755,-0.029707689706976237,0.35442682277281823,0.28505552056018435,-0.38413451247979447,-0.3147632102671606
55406,2009,5877,426,215487793.0,950,58,14456.0,13769093.0,0.5010833333333334,0.7656666666666667,0.16164709885996256,0.13615023474178403,0.03377308707124005,-0.05122494432071267,0.04392065617932861,0.027027027027026973,-0.06451612903225812,0.04119850187265928,0.06890704779090018,Howe,19719.771787617054,0.6835396361311414,1.044464024076655,0.044916079970770406,-0.007488602904467623,0.04889154445888244,0.05240468287523803,-0.003975464488112035
55406,2010,5397,420,190749470.0,929,55,14508.0,13487803.0,0.47691666666666666,0.7406666666666667,0.17213266629609042,0.13095238095238096,-0.08167432363450744,-0.014084507042253502,-0.11480150525278243,-0.02210526315789474,-0.051724137931034475,0.003597122302158251,-0.0204290870865641,Howe,19471.322687749933,0.6400743253262159,0.9940556707145564,-0.012598984539117897,-0.06358857410367702,-0.04826241229961126,0.050989589564559124,0.03566342776049336
55406,2011,6276,435,208199100.0,896,54,14664.0,13147600.0,0.5180833333333333,0.7406666666666667,0.14276609305289995,0.12413793103448276,0.16286826014452482,0.03571428571428581,0.0914793105322913,-0.03552206673842839,-0.018181818181818188,0.010752688172043001,-0.025223010745337837,Howe,19078.474253019707,0.6740479770811939,0.9636381567150797,-0.020175744659471917,0.0530776667813746,-0.0305994069503287,-0.07325341144084652,0.010423662290856783
55406,2012,6773,536,225661072.0,930,53,15288.0,14275447.0,0.5169166666666668,0.6968333333333333,0.1373099069836114,0.09888059701492537,0.0791905672402804,0.2321839080459771,0.08387150568854529,0.0379464285714286,-0.01851851851851849,0.042553191489361764,0.085783489001795,Howe,19487.04948735594,0.6588946012671645,0.8882277375134657,0.021415508856614363,-0.02248115316605137,-0.07825594978376371,0.04389666202266573,0.09967145864037807
55406,2013,5813,474,205110697.0,1037,54,15392.0,15998317.0,0.5215833333333334,0.7235833333333334,0.17839325649406504,0.11392405063291139,-0.1417392588217924,-0.11567164179104472,-0.0910674349716818,0.11505376344086016,0.018867924528301883,0.006802721088435382,0.12068763941332272,Howe,19336.382937623683,0.655245261643422,0.909010162462028,-0.0077316245247910365,-0.005538578729775923,0.02339763111512516,-0.002193045795015114,-0.031129255639916198
55406,2014,7029,418,234451453.0,1238,56,15496.0,19237141.0,0.5298333333333333,0.734,0.1761274719021198,0.1339712918660287,0.20918630655427495,-0.11814345991561181,0.14304839498448985,0.19382835101253626,0.03703703703703698,0.006756756756756799,0.20244779497743415,Howe,19156.28328602325,0.6549843461352166,0.9073768670586645,-0.009314030042816612,-0.00039819518503803053,-0.0017967845364234014,-0.008915834857778582,-0.007517245506393211
55406,2015,8597,440,304221193.0,1267,57,17264.0,21891660.0,0.5166666666666668,0.6854166666666667,0.1473769919739444,0.12954545454545455,0.2230758287096315,0.05263157894736836,0.2975871512299819,0.02342487883683364,0.017857142857142794,0.11409395973154357,0.13798926773994125,Howe,21316.597206107577,0.6379503720548879,0.846313195185718,0.11277312450586541,-0.02600668883285362,-0.06729692379186314,0.13877981333871903,0.18007004829772855
55406,2016,8606,440,317767285.0,1344,63,18668.0,25160079.0,0.5249999999999999,0.7161666666666666,0.15617011387404137,0.1431818181818182,0.001046876817494491,0.0,0.04452711484830707,0.06077348066298338,0.10526315789473695,0.08132530120481918,0.1492997333231012,Howe,22763.01749532305,0.6401641410458859,0.8732651790711659,0.06785418306825486,0.003470127282577229,0.03184634723736446,0.06438405578567763,0.0360078358308904
55406,2017,9360,497,343845111.0,1353,69,19708.0,26677627.0,0.50725,0.72125,0.14455128205128207,0.13883299798792756,0.08761329305135956,0.12954545454545463,0.08206579856072982,0.006696428571428603,0.09523809523809534,0.055710306406685284,0.0603157088656201,Howe,23529.882261749342,0.6056186714670365,0.861118712263381,0.033689064579590866,-0.05396345618861087,-0.01390925356797601,0.08765252076820174,0.047598318147566876
55406,2018,9829,631,385593030.0,1355,73,21008.0,28463994.0,0.46175000000000005,0.6935833333333333,0.13785736087089226,0.11568938193343899,0.05010683760683765,0.26961770623742454,0.12141489776773362,0.0014781966001478075,0.05797101449275366,0.06596306068601576,0.06696124059310082,Howe,24483.969941100804,0.538150853022815,0.8083431780741542,0.04054791557127535,-0.11140313471641994,-0.06128717613220891,0.1519510502876953,0.10183509170348426
55406,2019,9126,561,356737904.0,1327,75,21892.0,29070787.0,0.4411666666666667,0.7645,0.14540872233179924,0.13368983957219252,-0.07152304405331167,-0.11093502377179076,-0.07483311096157519,-0.020664206642066474,0.027397260273972712,0.04207920792079212,0.021317914836547436,Howe,25060.151922302146,0.5050111314508632,0.8751364034624515,0.023533029267206906,-0.06158072849983354,0.0826297879415887,0.08511375776704044,-0.0590967586743818
55406,2020,8319,583,361497586.0,949,74,23244.0,22062117.0,0.4513636363636364,0.7585454545454546,0.11407621108306287,0.1269296740994854,-0.08842866535174232,0.03921568627450989,0.013342237947330693,-0.28485305199698563,-0.013333333333333308,0.061757719714964354,-0.24108979230593242,Howe,26283.553712941102,0.5103872130628142,0.8577383496064697,0.04881861029542267,0.01064547150971884,-0.019880390973506468,0.03817313878570383,0.06869900126892914
55406,2021,8100,613,355934052.0,1027,72,25064.0,25944555.0,0.40375,0.7937500000000001,0.1267901234567901,0.11745513866231648,-0.026325279480706842,0.05145797598627788,-0.01539023831821662,0.08219178082191791,-0.027027027027026973,0.07829977628635354,0.1759775818431204,Howe,27069.804480200753,0.4360610261283536,0.857271676753884,0.029914172788306326,-0.14562705536534104,-0.0005440736709507732,0.17554122815364737,0.0304582464592571
55406,2022,8333,730,377395691.0,1068,72,27144.0,29030047.0,0.4939166666666666,0.9129999999999998,0.1281651266050642,0.09863013698630137,0.028765432098765364,0.19086460032626418,0.06029667259821481,0.03992210321324241,0.0,0.08298755186721984,0.11892637973555531,Howe,27144.0,0.4939166666666666,0.9129999999999998,0.002740896036154128,0.13267785257489018,0.0650066073069564,-0.12993695653873605,-0.06226571127080227
55407,2000,3849,338,157420801.0,483,38,11232.0,5452700.0,0.29024999999999995,0.4905,0.1254871395167576,0.11242603550295859,0.0,0.0,0.0,0.0,0.0,0.0,0.0,Powderhorn Park,19088.855749128918,0.4932817290940766,0.8336078832752613,,,,,
55407,2001,3504,305,144995688.0,464,40,11960.0,5556472.0,0.30233333333333334,0.476,0.1324200913242009,0.13114754098360656,-0.08963367108339826,-0.09763313609467461,-0.07892929600834642,-0.039337474120082816,0.05263157894736836,0.06481481481481488,0.019031305591725278,Powderhorn Park,19763.714285714286,0.4996011387163561,0.7865826086956521,0.03535353535353547,0.012810954165858313,-0.05641174408625549,0.022542581187677158,0.09176527943979096
55407,2002,4010,324,162742399.0,466,42,12792.0,5956071.0,0.3115,0.46937500000000004,0.11620947630922693,0.12962962962962962,0.14440639269406397,0.062295081967213006,0.12239475011146528,0.004310344827586299,0.050000000000000044,0.06956521739130439,0.07191595674377549,Powderhorn Park,20809.576209005,0.5067372568093385,0.763562760561423,0.052918287937743,0.014283630560405491,-0.029265645947094687,0.03863465737733751,0.08218393388483769
55407,2003,3575,352,162569754.0,463,45,13988.0,6466973.0,0.31166666666666665,0.45216666666666666,0.12951048951048952,0.1278409090909091,-0.10847880299251866,0.08641975308641969,-0.0010608483164857851,-0.006437768240343367,0.0714285714285714,0.0934959349593496,0.0857783595930941,Powderhorn Park,22248.14206521739,0.4957109148550724,0.719178455615942,0.06912999293036415,-0.021759485425826397,-0.05812790675234958,0.09088947835619055,0.12725789968271373
55407,2004,3498,342,160898466.0,439,47,14196.0,6212429.0,0.3025833333333333,0.5363333333333334,0.12550028587764436,0.13742690058479531,-0.021538461538461506,-0.02840909090909094,-0.010280436298132023,-0.05183585313174943,0.04444444444444451,0.014869888475836479,-0.039360609670088254,Powderhorn Park,21993.278877713074,0.4687799122110463,0.8309191724016234,-0.011455481844606208,-0.05432804047072415,0.1553727255219024,0.04287255862611794,-0.1668282073665086
55407,2005,2522,335,119653387.0,405,49,13572.0,5476088.0,0.3239166666666667,0.5540833333333334,0.16058683584456782,0.14626865671641792,-0.27901658090337333,-0.020467836257309968,-0.25634227612835037,-0.07744874715261962,0.042553191489361764,-0.04395604395604391,-0.11852706888078723,Powderhorn Park,20337.499539170505,0.4853857249530636,0.8302880589691073,-0.07528569740551305,0.03542347338155838,-0.0007595364910066849,-0.11070917078707143,-0.07452616091450637
55407,2006,4230,414,206542178.0,465,53,13312.0,6189479.0,0.3286666666666667,0.5491666666666666,0.1099290780141844,0.1280193236714976,0.6772402854877082,0.23582089552238816,0.7261707602142511,0.14814814814814814,0.08163265306122458,-0.019157088122605415,0.13027383781999125,Powderhorn Park,19324.52063492063,0.4771128141534392,0.797204220403439,-0.049808429118774034,-0.01704399279650093,-0.03984621747631234,-0.032764436322273105,-0.009962211642461694
55407,2007,5792,406,307236267.0,466,47,13936.0,6502657.0,0.36024999999999996,0.549,0.08045580110497237,0.11576354679802955,0.3692671394799054,-0.019323671497584516,0.4875231295372513,0.0021505376344086446,-0.1132075471698113,0.046875,0.05059844293841209,Powderhorn Park,19670.110638462054,0.5084785704295317,0.7748917006684608,0.017883496831322176,0.06574075427369541,-0.027988461631182182,-0.047857257442373236,0.04587195846250436
55407,2008,6077,416,350163127.0,473,53,14404.0,6822473.0,0.5066666666666667,0.7325833333333334,0.07783445779167353,0.12740384615384615,0.0492058011049723,0.024630541871921263,0.13971937759548414,0.015021459227467782,0.12765957446808507,0.033582089552238736,0.049182357304099034,Powderhorn Park,19578.931180708114,0.6886970145949353,0.9957788577802755,-0.0046354318707111375,0.35442682277281823,0.28505552056018435,-0.35906225464352937,-0.2896909524308955
55407,2009,6109,410,384202345.0,475,52,15080.0,7162966.0,0.5010833333333334,0.7656666666666667,0.07775413324603045,0.12682926829268293,0.005265756129669175,-0.014423076923076872,0.09720960139815071,0.0042283298097252064,-0.018867924528301883,0.04693140794223827,0.04990756284414766,Powderhorn Park,20570.98495830556,0.6835396361311414,1.044464024076655,0.050669455265001995,-0.007488602904467623,0.04889154445888244,0.05815805816946962,0.0017779108061195537
55407,2010,4040,361,243496639.0,462,50,15704.0,7299273.0,0.47691666666666666,0.7406666666666667,0.11435643564356436,0.13850415512465375,-0.3386806351284989,-0.11951219512195121,-0.36622812908651037,-0.027368421052631597,-0.038461538461538436,0.04137931034482767,0.019029407650406283,Powderhorn Park,21076.485489965875,0.6400743253262159,0.9940556707145564,0.024573472426570486,-0.06358857410367702,-0.04826241229961126,0.0881620465302475,0.07283588472618174
55407,2011,3255,299,217501606.0,487,50,16380.0,7994948.0,0.5180833333333333,0.7406666666666667,0.14961597542242702,0.16722408026755853,-0.19430693069306926,-0.17174515235457066,-0.10675725589789353,0.05411255411255422,0.0,0.04304635761589415,0.09530743678171794,Powderhorn Park,21311.061665607118,0.6740479770811939,0.9636381567150797,0.01112975765114732,0.0530776667813746,-0.0305994069503287,-0.04194790913022728,0.04172916460147602
55407,2012,4462,348,268482063.0,555,55,17524.0,9751158.0,0.5169166666666668,0.6968333333333333,0.12438368444643658,0.15804597701149425,0.3708141321044547,0.16387959866220725,0.23439117502424334,0.13963039014373724,0.10000000000000009,0.06984126984126982,0.219664968427562,Powderhorn Park,22337.19618108487,0.6588946012671645,0.8882277375134657,0.048150323600901546,-0.02248115316605137,-0.07825594978376371,0.07063147676695292,0.12640627338466526
55407,2013,5729,359,330640082.0,538,58,17108.0,9202775.0,0.5215833333333334,0.7235833333333334,0.09390818641996858,0.1615598885793872,0.283953384132676,0.031609195402298784,0.23151646819698346,-0.03063063063063065,0.05454545454545445,-0.023738872403560873,-0.056237730944365794,Powderhorn Park,21492.12833269659,0.655245261643422,0.909010162462028,-0.03783231527974329,-0.005538578729775923,0.02339763111512516,-0.03229373654996737,-0.06122994639486845
55407,2014,6149,407,366134035.0,613,58,17836.0,10964668.0,0.5298333333333333,0.734,0.09969100666775085,0.14250614250614252,0.07331122359923192,0.13370473537604455,0.10734921424317823,0.1394052044609666,0.0,0.042553191489361764,0.19145236083681283,Powderhorn Park,22049.010627872394,0.6549843461352166,0.9073768670586645,0.025910988737611662,-0.00039819518503803053,-0.0017967845364234014,0.026309183922649693,0.027707773274035064
55407,2015,6696,410,402696918.0,675,56,18408.0,12464851.0,0.5166666666666668,0.6854166666666667,0.10080645161290322,0.13658536585365855,0.08895755407383321,0.0073710073710073765,0.09986201637878334,0.10114192495921692,-0.03448275862068961,0.03206997084548102,0.13681973772484501,Powderhorn Park,22729.142804102656,0.6379503720548879,0.846313195185718,0.030846380715627175,-0.02600668883285362,-0.06729692379186314,0.056853069548480795,0.09814330450749031
55407,2016,6714,421,405167043.0,715,56,20176.0,14467993.0,0.5249999999999999,0.7161666666666666,0.10649389335716414,0.1330166270783848,0.0026881720430107503,0.02682926829268295,0.006133955562083626,0.059259259259259345,0.0,0.09604519774011289,0.1607032446677461,Powderhorn Park,24601.81278046057,0.6401641410458859,0.8732651790711659,0.0823906995744641,0.003470127282577229,0.03184634723736446,0.07892057229188687,0.05054435233709964
55407,2017,6745,456,409552789.0,753,64,20488.0,15427110.0,0.50725,0.72125,0.11163825055596738,0.14035087719298245,0.004617217753946967,0.08313539192399055,0.010824537868446615,0.05314685314685308,0.1428571428571428,0.015463917525773141,0.06629233232280396,Powderhorn Park,24461.144092689294,0.6056186714670365,0.861118712263381,-0.005717817992786145,-0.05396345618861087,-0.01390925356797601,0.048245638195824725,0.008191435575189865
55407,2018,6583,457,481103747.0,0,0,0.0,0.0,0.46175000000000005,0.6935833333333333,0.0,0.0,-0.024017790956263885,0.002192982456140413,0.17470509277865043,-1.0,-1.0,-1.0,-1.0,Powderhorn Park,0.0,0.538150853022815,0.8083431780741542,-1.0,-0.11140313471641994,-0.06128717613220891,-0.8885968652835801,-0.9387128238677911
55407,2019,6050,443,446656264.0,0,0,0.0,0.0,0.4411666666666667,0.7645,0.0,0.0,-0.08096612486708188,-0.03063457330415753,-0.07160094514915516,0.0,0.0,0.0,0.0,Powderhorn Park,0.0,0.5050111314508632,0.8751364034624515,,-0.06158072849983354,0.0826297879415887,,
55407,2020,7246,623,545881843.0,620,77,22984.0,14171516.0,0.4513636363636364,0.7585454545454546,0.08556444935136627,0.12359550561797752,0.19768595041322312,0.4063205417607223,0.22215199247715023,1.0,1.0,1.0,1.0,Powderhorn Park,25989.55423069344,0.5103872130628142,0.8577383496064697,inf,0.01064547150971884,-0.019880390973506468,inf,inf
55407,2021,6638,585,481922688.0,687,76,24596.0,16981449.0,0.40375,0.7937500000000001,0.10349502862307924,0.12991452991452992,-0.08390836323488826,-0.0609951845906902,-0.11716666494804073,0.10806451612903234,-0.012987012987012991,0.07013574660633481,0.19828033923822974,Powderhorn Park,26564.35169945012,0.4360610261283536,0.857271676753884,0.022116480477292866,-0.14562705536534104,-0.0005440736709507732,0.1677435358426339,0.02266055414824364
55407,2022,7015,635,512076518.0,691,78,26520.0,18358914.0,0.4939166666666666,0.9129999999999998,0.0985032074126871,0.12283464566929134,0.05679421512503757,0.08547008547008539,0.06256984937799825,0.005822416302765587,0.026315789473684292,0.07822410147991543,0.08111586944082338,Powderhorn Park,26520.0,0.4939166666666666,0.9129999999999998,-0.0016695946489458935,0.13267785257489018,0.0650066073069564,-0.13434744722383607,-0.06667620195590229
"55409,10,19",2000,9617,1203,269086965.0,773,65,11128.0,8619294.0,0.29024999999999995,0.4905,0.08037849641260268,0.05403158769742311,0.0,0.0,0.0,0.0,0.0,0.0,0.0,King Field,18912.107084785133,0.4932817290940766,0.8336078832752613,,,,,
"55409,10,19",2001,9060,1176,263084464.0,808,65,11804.0,9546017.0,0.30233333333333334,0.476,0.08918322295805739,0.055272108843537414,-0.05791826973068526,-0.02244389027431426,-0.022306918508668727,0.04527813712807238,0.0,0.06074766355140193,0.10751727461669125,King Field,19505.926708074534,0.4996011387163561,0.7865826086956521,0.031398913966975694,0.012810954165858313,-0.05641174408625549,0.018587959801117382,0.08781065805323118
"55409,10,19",2002,9343,1176,266852787.0,883,66,12272.0,10842984.0,0.3115,0.46937500000000004,0.0945092582682222,0.05612244897959184,0.031236203090507786,0.0,0.014323624218266273,0.0928217821782178,0.01538461538461533,0.0396475770925111,0.13586472766599944,King Field,19963.658476931625,0.5067372568093385,0.763562760561423,0.02346629184593474,0.014283630560405491,-0.029265645947094687,0.009182661285529248,0.052731937793029426
"55409,10,19",2003,8287,1093,249595149.0,0,0,0.0,0.0,0.31166666666666665,0.45216666666666666,0.0,0.0,-0.11302579471261909,-0.07057823129251706,-0.06467100529101832,-1.0,-1.0,-1.0,-1.0,King Field,0.0,0.4957109148550724,0.719178455615942,-1.0,-0.021759485425826397,-0.05812790675234958,-0.9782405145741736,-0.9418720932476504
"55409,10,19",2004,8283,1148,251691048.0,0,0,0.0,0.0,0.3025833333333333,0.5363333333333334,0.0,0.0,-0.00048268372149151695,0.0503202195791399,0.008397194450281642,0.0,0.0,0.0,0.0,King Field,0.0,0.4687799122110463,0.8309191724016234,,-0.05432804047072415,0.1553727255219024,,
"55409,10,19",2005,9015,1174,255076575.0,865,70,12064.0,10448346.0,0.3239166666666667,0.5540833333333334,0.09595119245701608,0.059625212947189095,0.08837377761680543,0.022648083623693305,0.013451122027987372,1.0,1.0,1.0,1.0,King Field,18077.777368151557,0.4853857249530636,0.8302880589691073,inf,0.03542347338155838,-0.0007595364910066849,inf,inf
"55409,10,19",2006,8055,1114,248131324.0,801,71,12480.0,10018577.0,0.3286666666666667,0.5491666666666666,0.09944134078212291,0.06373429084380611,-0.10648918469217972,-0.05110732538330498,-0.027228101992509468,-0.07398843930635834,0.014285714285714235,0.034482758620689724,-0.041132730481934665,King Field,18116.73809523809,0.4771128141534392,0.797204220403439,0.0021551724137931494,-0.01704399279650093,-0.03984621747631234,0.019199165210294078,0.04200138989010549
"55409,10,19",2007,7940,1082,250060077.0,809,68,13156.0,10700648.0,0.36024999999999996,0.549,0.10188916876574307,0.06284658040665435,-0.014276846679081356,-0.02872531418312385,0.00777311372424716,0.009987515605493158,-0.04225352112676062,0.054166666666666696,0.06808062661992809,King Field,18569.171610189926,0.5084785704295317,0.7748917006684608,0.02497323263014728,0.06574075427369541,-0.027988461631182182,-0.04076752164354813,0.05296169426132946
"55409,10,19",2008,8909,1098,299656338.0,805,67,13936.0,11220221.0,0.5066666666666667,0.7325833333333334,0.09035806487821305,0.0610200364298725,0.12204030226700247,0.014787430683918634,0.1983373819404206,-0.0049443757725586845,-0.014705882352941124,0.059288537549407216,0.048555283754778245,King Field,18942.792622490164,0.6886970145949353,0.9957788577802755,0.020120499726288932,0.35442682277281823,0.28505552056018435,-0.3343063230465293,-0.2649350208338954
"55409,10,19",2009,6763,958,235356854.0,0,0,0.0,0.0,0.5010833333333334,0.7656666666666667,0.0,0.0,-0.24088000897968342,-0.1275045537340619,-0.21457742035144267,-1.0,-1.0,-1.0,-1.0,King Field,0.0,0.6835396361311414,1.044464024076655,-1.0,-0.007488602904467623,0.04889154445888244,-0.9925113970955324,-1.0488915444588824
"55409,10,19",2010,7392,997,244256850.0,849,68,15028.0,12771167.0,0.47691666666666666,0.7406666666666667,0.1148538961038961,0.06820461384152457,0.09300606239834397,0.040709812108559396,0.037814900432005194,1.0,1.0,1.0,1.0,King Field,20169.219558278604,0.6400743253262159,0.9940556707145564,inf,-0.06358857410367702,-0.04826241229961126,inf,inf
"55409,10,19",2011,6846,937,243867453.0,0,0,0.0,0.0,0.5180833333333333,0.7406666666666667,0.0,0.0,-0.07386363636363635,-0.06018054162487463,-0.0015942111756538369,-1.0,-1.0,-1.0,-1.0,King Field,0.0,0.6740479770811939,0.9636381567150797,-1.0,0.0530776667813746,-0.0305994069503287,-1.0530776667813746,-0.9694005930496713
"55409,10,19",2012,6993,896,249987110.0,0,0,0.0,0.0,0.5169166666666668,0.6968333333333333,0.0,0.0,0.021472392638036908,-0.043756670224119554,0.025094193278838217,0.0,0.0,0.0,0.0,King Field,0.0,0.6588946012671645,0.8882277375134657,,-0.02248115316605137,-0.07825594978376371,,
"55409,10,19",2013,6660,859,239211507.0,0,0,0.0,0.0,0.5215833333333334,0.7235833333333334,0.0,0.0,-0.04761904761904767,-0.041294642857142905,-0.043104634474953496,0.0,0.0,0.0,0.0,King Field,0.0,0.655245261643422,0.909010162462028,,-0.005538578729775923,0.02339763111512516,,
"55409,10,19",2014,7323,984,265131378.0,0,0,0.0,0.0,0.5298333333333333,0.734,0.0,0.0,0.09954954954954953,0.1455180442374855,0.1083554521480441,0.0,0.0,0.0,0.0,King Field,0.0,0.6549843461352166,0.9073768670586645,,-0.00039819518503803053,-0.0017967845364234014,,
"55409,10,19",2015,7294,921,278708994.0,0,0,0.0,0.0,0.5166666666666668,0.6854166666666667,0.0,0.0,-0.003960125631571776,-0.06402439024390238,0.05121089816837898,0.0,0.0,0.0,0.0,King Field,0.0,0.6379503720548879,0.846313195185718,,-0.02600668883285362,-0.06729692379186314,,
"55409,10,19",2016,7197,883,275091672.0,0,0,0.0,0.0,0.5249999999999999,0.7161666666666666,0.0,0.0,-0.013298601590348236,-0.04125950054288818,-0.012978849186330854,0.0,0.0,0.0,0.0,King Field,0.0,0.6401641410458859,0.8732651790711659,,0.003470127282577229,0.03184634723736446,,
"55409,10,19",2017,7790,1021,304130863.0,0,0,0.0,0.0,0.50725,0.72125,0.0,0.0,0.08239544254550513,0.1562853907134767,0.10556186884494267,0.0,0.0,0.0,0.0,King Field,0.0,0.6056186714670365,0.861118712263381,,-0.05396345618861087,-0.01390925356797601,,
"55409,10,19",2018,9955,1148,379517993.0,1911,88,26572.0,50785716.0,0.46175000000000005,0.6935833333333333,0.19196383726770466,0.07665505226480836,0.2779204107830553,0.12438785504407446,0.24787727643412505,1.0,1.0,1.0,1.0,King Field,30968.585742332947,0.538150853022815,0.8083431780741542,inf,-0.11140313471641994,-0.06128717613220891,inf,inf
"55409,10,19",2019,9892,1160,392333468.0,2012,95,27976.0,56307828.0,0.4411666666666667,0.7645,0.20339668418924384,0.08189655172413793,-0.006328478151682582,0.010452961672473782,0.033767766578592706,0.05285190999476708,0.07954545454545459,0.052837573385518644,0.10873356594992178,King Field,32024.61219524597,0.5050111314508632,0.8751364034624515,0.034099925056295666,-0.06158072849983354,0.0826297879415887,0.0956806535561292,-0.04852986288529304
"55409,10,19",2020,7367,1067,343533854.0,0,0,0.0,0.0,0.4513636363636364,0.7585454545454546,0.0,0.0,-0.25525677315002027,-0.08017241379310347,-0.12438300063659113,-1.0,-1.0,-1.0,-1.0,King Field,0.0,0.5103872130628142,0.8577383496064697,-1.0,0.01064547150971884,-0.019880390973506468,-1.0106454715097188,-0.9801196090264935
"55409,10,19",2021,8820,1232,411685183.0,1630,98,30940.0,51276071.0,0.40375,0.7937500000000001,0.18480725623582767,0.07954545454545454,0.19723089452965925,0.15463917525773185,0.19838315265429407,1.0,1.0,1.0,1.0,King Field,33416.044949625415,0.4360610261283536,0.857271676753884,inf,-0.14562705536534104,-0.0005440736709507732,inf,inf
"55409,10,19",2022,7079,1219,376029972.0,0,0,0.0,0.0,0.4939166666666666,0.9129999999999998,0.0,0.0,-0.19739229024943306,-0.010551948051948035,-0.08660795304843405,-1.0,-1.0,-1.0,-1.0,King Field,0.0,0.4939166666666666,0.9129999999999998,-1.0,0.13267785257489018,0.0650066073069564,-1.1326778525748902,-1.0650066073069564
55411,2000,8561,317,301701477.0,487,29,10556.0,5145131.0,0.29024999999999995,0.4905,0.056885877818011917,0.0914826498422713,0.0,0.0,0.0,0.0,0.0,0.0,0.0,Near - North,17939.989430894308,0.4932817290940766,0.8336078832752613,,,,,
55411,2001,7556,309,270146597.0,472,29,11388.0,5388138.0,0.30233333333333334,0.476,0.06246691371095818,0.09385113268608414,-0.11739282794066119,-0.025236593059936863,-0.10458974319174452,-0.030800821355236097,0.0,0.07881773399014769,0.047230478679745946,Near - North,18818.49316770186,0.4996011387163561,0.7865826086956521,0.04896902198251518,0.012810954165858313,-0.05641174408625549,0.03615806781665687,0.10538076606877067
55411,2002,6447,277,245506115.0,0,0,0.0,0.0,0.3115,0.46937500000000004,0.0,0.0,-0.14677077818951823,-0.1035598705501618,-0.09121152098021801,-1.0,-1.0,-1.0,-1.0,Near - North,0.0,0.5067372568093385,0.763562760561423,-1.0,0.014283630560405491,-0.029265645947094687,-1.0142836305604055,-0.9707343540529053
55411,2003,6790,312,250814650.0,468,32,11336.0,5309967.0,0.31166666666666665,0.45216666666666666,0.06892488954344625,0.10256410256410256,0.053203040173724236,0.12635379061371843,0.021622821899975886,1.0,1.0,1.0,1.0,Near - North,18030.092826086955,0.4957109148550724,0.719178455615942,inf,-0.021759485425826397,-0.05812790675234958,inf,inf
55411,2004,6849,340,270205352.0,423,35,12220.0,5177184.0,0.3025833333333333,0.5363333333333334,0.06176084099868594,0.10294117647058823,0.008689248895434432,0.08974358974358965,0.07731088275744669,-0.09615384615384615,0.09375,0.07798165137614688,-0.025006370096085306,Near - North,18931.943356273157,0.4687799122110463,0.8309191724016234,0.05001918397676541,-0.05432804047072415,0.1553727255219024,0.10434722444748956,-0.10535354154513699
55411,2005,6845,374,275819078.0,413,35,12168.0,5029661.0,0.3239166666666667,0.5540833333333334,0.060336011687363036,0.09358288770053476,-0.0005840268652358427,0.10000000000000009,0.02077577649165141,-0.023640661938534313,0.0,-0.004255319148936176,-0.028494834257387747,Near - North,18233.62027649769,0.4853857249530636,0.8302880589691073,-0.03688596921266796,0.03542347338155838,-0.0007595364910066849,-0.07230944259422634,-0.03612643272166127
55411,2006,7100,345,283806069.0,451,36,13936.0,6291707.0,0.3286666666666667,0.5491666666666666,0.06352112676056337,0.10434782608695652,0.03725346968590215,-0.07754010695187163,0.02895735515438136,0.09200968523002429,0.02857142857142847,0.14529914529914523,0.2509206882929087,Near - North,20230.35753968254,0.4771128141534392,0.797204220403439,0.10950854700854729,-0.01704399279650093,-0.03984621747631234,0.12655253980504821,0.14935476448485963
55411,2007,6737,306,277323677.0,445,31,14248.0,6342304.0,0.36024999999999996,0.549,0.0660531393795458,0.10130718954248366,-0.05112676056338028,-0.11304347826086958,-0.022840920995244818,-0.013303769401330379,-0.13888888888888884,0.02238805970149249,0.008041855731679703,Near - North,20110.486249770907,0.5084785704295317,0.7748917006684608,-0.005925317418463805,0.06574075427369541,-0.027988461631182182,-0.07166607169215922,0.022063144212718377
55411,2008,5975,272,251224226.0,0,0,0.0,0.0,0.5066666666666667,0.7325833333333334,0.0,0.0,-0.11310672406115485,-0.11111111111111116,-0.09411187419096567,-1.0,-1.0,-1.0,-1.0,Near - North,0.0,0.6886970145949353,0.9957788577802755,-1.0,0.35442682277281823,0.28505552056018435,-1.3544268227728182,-1.2850555205601844
55411,2009,6379,258,254550497.0,364,28,13312.0,4836648.0,0.5010833333333334,0.7656666666666667,0.057062235460103465,0.10852713178294573,0.0676150627615062,-0.05147058823529416,0.013240247777696501,1.0,1.0,1.0,1.0,Near - North,18159.214308021456,0.6835396361311414,1.044464024076655,inf,-0.007488602904467623,0.04889154445888244,inf,inf
55411,2010,6613,269,277962236.0,0,0,0.0,0.0,0.47691666666666666,0.7406666666666667,0.0,0.0,0.03668286565292367,0.04263565891472876,0.09197286697892393,-1.0,-1.0,-1.0,-1.0,Near - North,0.0,0.6400743253262159,0.9940556707145564,-1.0,-0.06358857410367702,-0.04826241229961126,-0.936411425896323,-0.9517375877003887
55411,2011,6180,275,256414926.0,0,0,0.0,0.0,0.5180833333333333,0.7406666666666667,0.0,0.0,-0.06547709057916229,0.02230483271375472,-0.07751883964554096,0.0,0.0,0.0,0.0,Near - North,0.0,0.6740479770811939,0.9636381567150797,,0.0530776667813746,-0.0305994069503287,,
55411,2012,6268,326,248798528.0,424,33,13052.0,5533766.0,0.5169166666666668,0.6968333333333333,0.06764518187619656,0.10122699386503067,0.014239482200647302,0.18545454545454554,-0.02970341125929621,1.0,1.0,1.0,1.0,Near - North,16636.90279362701,0.6588946012671645,0.8882277375134657,inf,-0.02248115316605137,-0.07825594978376371,inf,inf
55411,2013,6012,292,257645520.0,0,0,0.0,0.0,0.5215833333333334,0.7235833333333334,0.0,0.0,-0.04084237396298662,-0.10429447852760731,0.03555885989807783,-1.0,-1.0,-1.0,-1.0,Near - North,0.0,0.655245261643422,0.909010162462028,-1.0,-0.005538578729775923,0.02339763111512516,-0.9944614212702241,-1.0233976311151252
55411,2014,6103,295,264628835.0,0,0,0.0,0.0,0.5298333333333333,0.734,0.0,0.0,0.01513639387890886,0.010273972602739656,0.027104352522799635,0.0,0.0,0.0,0.0,Near - North,0.0,0.6549843461352166,0.9073768670586645,,-0.00039819518503803053,-0.0017967845364234014,,
55411,2015,8380,310,388002123.0,0,0,0.0,0.0,0.5166666666666668,0.6854166666666667,0.0,0.0,0.3730951990824185,0.05084745762711873,0.46621256523311216,0.0,0.0,0.0,0.0,Near - North,0.0,0.6379503720548879,0.846313195185718,,-0.02600668883285362,-0.06729692379186314,,
55411,2016,8714,285,416405090.0,0,0,0.0,0.0,0.5249999999999999,0.7161666666666666,0.0,0.0,0.03985680190930796,-0.08064516129032262,0.07320312265404794,0.0,0.0,0.0,0.0,Near - North,0.0,0.6401641410458859,0.8732651790711659,,0.003470127282577229,0.03184634723736446,,
55411,2017,9959,358,457978009.0,975,42,20696.0,20173329.0,0.50725,0.72125,0.09790139572246209,0.11731843575418995,0.14287353683727333,0.2561403508771929,0.09983768209941912,1.0,1.0,1.0,1.0,Near - North,24709.480580939948,0.6056186714670365,0.861118712263381,inf,-0.05396345618861087,-0.01390925356797601,inf,inf
55411,2018,8189,322,402355289.0,0,0,0.0,0.0,0.46175000000000005,0.6935833333333333,0.0,0.0,-0.17772868761923888,-0.1005586592178771,-0.12145281849111667,-1.0,-1.0,-1.0,-1.0,Near - North,0.0,0.538150853022815,0.8083431780741542,-1.0,-0.11140313471641994,-0.06128717613220891,-0.8885968652835801,-0.9387128238677911
55411,2019,8539,336,443444275.0,0,0,0.0,0.0,0.4411666666666667,0.7645,0.0,0.0,0.04274026132616915,0.04347826086956519,0.102121152929594,0.0,0.0,0.0,0.0,Near - North,0.0,0.5050111314508632,0.8751364034624515,,-0.06158072849983354,0.0826297879415887,,
55411,2020,7829,346,437746358.0,0,0,0.0,0.0,0.4513636363636364,0.7585454545454546,0.0,0.0,-0.08314790959128704,0.029761904761904656,-0.012849228913824673,0.0,0.0,0.0,0.0,Near - North,0.0,0.5103872130628142,0.8577383496064697,,0.01064547150971884,-0.019880390973506468,,
55411,2021,8204,372,488825103.0,0,0,0.0,0.0,0.40375,0.7937500000000001,0.0,0.0,0.04789883765487302,0.07514450867052025,0.11668571095227698,0.0,0.0,0.0,0.0,Near - North,0.0,0.4360610261283536,0.857271676753884,,-0.14562705536534104,-0.0005440736709507732,,
55411,2022,9150,419,576144131.0,602,37,29588.0,17780829.0,0.4939166666666666,0.9129999999999998,0.06579234972677596,0.0883054892601432,0.11530960507069721,0.1263440860215055,0.17863040883970305,1.0,1.0,1.0,1.0,Near - North,29588.0,0.4939166666666666,0.9129999999999998,inf,0.13267785257489018,0.0650066073069564,inf,inf
"55412,30",2000,1777,124,64841236.0,0,0,0.0,0.0,0.29024999999999995,0.4905,0.0,0.0,0.0,0.0,0.0,0.0,0.0,0.0,0.0,Webber - Camden,0.0,0.4932817290940766,0.8336078832752613,,,,,
"55412,30",2001,1882,120,73211539.0,0,0,0.0,0.0,0.30233333333333334,0.476,0.0,0.0,0.05908835115362976,-0.032258064516129004,0.1290891956470417,0.0,0.0,0.0,0.0,Webber - Camden,0.0,0.4996011387163561,0.7865826086956521,,0.012810954165858313,-0.05641174408625549,,
"55412,30",2002,1857,121,67448600.0,0,0,0.0,0.0,0.3115,0.46937500000000004,0.0,0.0,-0.013283740701381497,0.008333333333333304,-0.07871626629785777,0.0,0.0,0.0,0.0,Webber - Camden,0.0,0.5067372568093385,0.763562760561423,,0.014283630560405491,-0.029265645947094687,,
"55412,30",2003,1820,117,67054535.0,0,0,0.0,0.0,0.31166666666666665,0.45216666666666666,0.0,0.0,-0.019924609585352693,-0.03305785123966942,-0.0058424489166565285,0.0,0.0,0.0,0.0,Webber - Camden,0.0,0.4957109148550724,0.719178455615942,,-0.021759485425826397,-0.05812790675234958,,
"55412,30",2004,1530,95,50071428.0,0,0,0.0,0.0,0.3025833333333333,0.5363333333333334,0.0,0.0,-0.15934065934065933,-0.18803418803418803,-0.2532730560282015,0.0,0.0,0.0,0.0,Webber - Camden,0.0,0.4687799122110463,0.8309191724016234,,-0.05432804047072415,0.1553727255219024,,
"55412,30",2005,1421,131,58962368.0,0,0,0.0,0.0,0.3239166666666667,0.5540833333333334,0.0,0.0,-0.07124183006535945,0.3789473684210527,0.17756513754710568,0.0,0.0,0.0,0.0,Webber - Camden,0.0,0.4853857249530636,0.8302880589691073,,0.03542347338155838,-0.0007595364910066849,,
"55412,30",2006,2045,164,78932368.0,0,0,0.0,0.0,0.3286666666666667,0.5491666666666666,0.0,0.0,0.4391273750879663,0.25190839694656497,0.338690603471014,0.0,0.0,0.0,0.0,Webber - Camden,0.0,0.4771128141534392,0.797204220403439,,-0.01704399279650093,-0.03984621747631234,,
"55412,30",2007,1555,108,52825194.0,0,0,0.0,0.0,0.36024999999999996,0.549,0.0,0.0,-0.2396088019559902,-0.3414634146341463,-0.33075371563665745,0.0,0.0,0.0,0.0,Webber - Camden,0.0,0.5084785704295317,0.7748917006684608,,0.06574075427369541,-0.027988461631182182,,
"55412,30",2008,1545,116,60056841.0,0,0,0.0,0.0,0.5066666666666667,0.7325833333333334,0.0,0.0,-0.006430868167202619,0.07407407407407418,0.13689768938662117,0.0,0.0,0.0,0.0,Webber - Camden,0.0,0.6886970145949353,0.9957788577802755,,0.35442682277281823,0.28505552056018435,,
"55412,30",2009,1685,130,61835196.0,136,12,12428.0,1686902.0,0.5010833333333334,0.7656666666666667,0.08071216617210683,0.09230769230769231,0.09061488673139162,0.1206896551724137,0.02961119783173416,1.0,1.0,1.0,1.0,Webber - Camden,16953.328982879408,0.6835396361311414,1.044464024076655,inf,-0.007488602904467623,0.04889154445888244,inf,inf
"55412,30",2010,1578,146,69491290.0,0,0,0.0,0.0,0.47691666666666666,0.7406666666666667,0.0,0.0,-0.06350148367952524,0.12307692307692308,0.12381450201920607,-1.0,-1.0,-1.0,-1.0,Webber - Camden,0.0,0.6400743253262159,0.9940556707145564,-1.0,-0.06358857410367702,-0.04826241229961126,-0.936411425896323,-0.9517375877003887
"55412,30",2011,1726,143,76484983.0,0,0,0.0,0.0,0.5180833333333333,0.7406666666666667,0.0,0.0,0.09378960709759188,-0.020547945205479423,0.10064128900183023,0.0,0.0,0.0,0.0,Webber - Camden,0.0,0.6740479770811939,0.9636381567150797,,0.0530776667813746,-0.0305994069503287,,
"55412,30",2012,1757,126,87837339.0,0,0,0.0,0.0,0.5169166666666668,0.6968333333333333,0.0,0.0,0.017960602549246918,-0.11888111888111885,0.14842594656783792,0.0,0.0,0.0,0.0,Webber - Camden,0.0,0.6588946012671645,0.8882277375134657,,-0.02248115316605137,-0.07825594978376371,,
"55412,30",2013,2116,164,99367810.0,0,0,0.0,0.0,0.5215833333333334,0.7235833333333334,0.0,0.0,0.2043255549231644,0.3015873015873016,0.13127072303499543,0.0,0.0,0.0,0.0,Webber - Camden,0.0,0.655245261643422,0.909010162462028,,-0.005538578729775923,0.02339763111512516,,
"55412,30",2014,2177,166,109339206.0,0,0,0.0,0.0,0.5298333333333333,0.734,0.0,0.0,0.02882797731569009,0.012195121951219523,0.10034835224807703,0.0,0.0,0.0,0.0,Webber - Camden,0.0,0.6549843461352166,0.9073768670586645,,-0.00039819518503803053,-0.0017967845364234014,,
"55412,30",2015,2433,162,134954500.0,0,0,0.0,0.0,0.5166666666666668,0.6854166666666667,0.0,0.0,0.11759301791456123,-0.02409638554216864,0.2342736419724869,0.0,0.0,0.0,0.0,Webber - Camden,0.0,0.6379503720548879,0.846313195185718,,-0.02600668883285362,-0.06729692379186314,,
"55412,30",2016,1759,156,98064197.0,0,0,0.0,0.0,0.5249999999999999,0.7161666666666666,0.0,0.0,-0.27702424989724617,-0.03703703703703709,-0.2733536340025713,0.0,0.0,0.0,0.0,Webber - Camden,0.0,0.6401641410458859,0.8732651790711659,,0.003470127282577229,0.03184634723736446,,
"55412,30",2017,1573,148,75721927.0,0,0,0.0,0.0,0.50725,0.72125,0.0,0.0,-0.10574189880613982,-0.05128205128205132,-0.22783309998449286,0.0,0.0,0.0,0.0,Webber - Camden,0.0,0.6056186714670365,0.861118712263381,,-0.05396345618861087,-0.01390925356797601,,
"55412,30",2018,1474,137,78397687.0,0,0,0.0,0.0,0.46175000000000005,0.6935833333333333,0.0,0.0,-0.06293706293706292,-0.07432432432432434,0.035336660146010335,0.0,0.0,0.0,0.0,Webber - Camden,0.0,0.538150853022815,0.8083431780741542,,-0.11140313471641994,-0.06128717613220891,,
"55412,30",2019,1572,183,84462358.0,0,0,0.0,0.0,0.4411666666666667,0.7645,0.0,0.0,0.06648575305291726,0.33576642335766427,0.07735777970082203,0.0,0.0,0.0,0.0,Webber - Camden,0.0,0.5050111314508632,0.8751364034624515,,-0.06158072849983354,0.0826297879415887,,
"55412,30",2020,1474,164,82326086.0,0,0,0.0,0.0,0.4513636363636364,0.7585454545454546,0.0,0.0,-0.06234096692111957,-0.10382513661202186,-0.025292592470600894,0.0,0.0,0.0,0.0,Webber - Camden,0.0,0.5103872130628142,0.8577383496064697,,0.01064547150971884,-0.019880390973506468,,
"55412,30",2021,1682,188,97485165.0,0,0,0.0,0.0,0.40375,0.7937500000000001,0.0,0.0,0.14111261872455905,0.14634146341463405,0.1841345767367102,0.0,0.0,0.0,0.0,Webber - Camden,0.0,0.4360610261283536,0.857271676753884,,-0.14562705536534104,-0.0005440736709507732,,
"55412,30",2022,1701,187,101296134.0,0,0,0.0,0.0,0.4939166666666666,0.9129999999999998,0.0,0.0,0.011296076099881036,-0.005319148936170248,0.039092809659808214,0.0,0.0,0.0,0.0,Webber - Camden,0.0,0.4939166666666666,0.9129999999999998,,0.13267785257489018,0.0650066073069564,,
"55413,18,21",2000,24462,1116,1071051673.0,0,0,0.0,0.0,0.29024999999999995,0.4905,0.0,0.0,0.0,0.0,0.0,0.0,0.0,0.0,0.0,Beltrami,0.0,0.4932817290940766,0.8336078832752613,,,,,
"55413,18,21",2001,24298,1144,1084782143.0,0,0,0.0,0.0,0.30233333333333334,0.476,0.0,0.0,-0.0067042760199492735,0.02508960573476693,0.012819614913201383,0.0,0.0,0.0,0.0,Beltrami,0.0,0.4996011387163561,0.7865826086956521,,0.012810954165858313,-0.05641174408625549,,
"55413,18,21",2002,22400,1117,1031305096.0,0,0,0.0,0.0,0.3115,0.46937500000000004,0.0,0.0,-0.0781134249732488,-0.02360139860139865,-0.04929749935974015,0.0,0.0,0.0,0.0,Beltrami,0.0,0.5067372568093385,0.763562760561423,,0.014283630560405491,-0.029265645947094687,,
"55413,18,21",2003,21934,1150,1028480563.0,0,0,0.0,0.0,0.31166666666666665,0.45216666666666666,0.0,0.0,-0.020803571428571477,0.029543419874664245,-0.0027387947668979784,0.0,0.0,0.0,0.0,Beltrami,0.0,0.4957109148550724,0.719178455615942,,-0.021759485425826397,-0.05812790675234958,,
"55413,18,21",2004,25322,1169,1077290156.0,0,0,0.0,0.0,0.3025833333333333,0.5363333333333334,0.0,0.0,0.15446339017051147,0.016521739130434865,0.04745796348122133,0.0,0.0,0.0,0.0,Beltrami,0.0,0.4687799122110463,0.8309191724016234,,-0.05432804047072415,0.1553727255219024,,
"55413,18,21",2005,21917,1116,1014220408.0,0,0,0.0,0.0,0.3239166666666667,0.5540833333333334,0.0,0.0,-0.13446805149672225,-0.04533789563729684,-0.05854481046608584,0.0,0.0,0.0,0.0,Beltrami,0.0,0.4853857249530636,0.8302880589691073,,0.03542347338155838,-0.0007595364910066849,,
"55413,18,21",2006,26033,1237,1160048022.0,0,0,0.0,0.0,0.3286666666666667,0.5491666666666666,0.0,0.0,0.18779942510380065,0.10842293906810041,0.14378296162228277,0.0,0.0,0.0,0.0,Beltrami,0.0,0.4771128141534392,0.797204220403439,,-0.01704399279650093,-0.03984621747631234,,
"55413,18,21",2007,26898,1190,1271238357.0,0,0,0.0,0.0,0.36024999999999996,0.549,0.0,0.0,0.03322705796489078,-0.03799514955537586,0.09584976905378495,0.0,0.0,0.0,0.0,Beltrami,0.0,0.5084785704295317,0.7748917006684608,,0.06574075427369541,-0.027988461631182182,,
"55413,18,21",2008,25961,1211,1291854067.0,0,0,0.0,0.0,0.5066666666666667,0.7325833333333334,0.0,0.0,-0.03483530374005506,0.01764705882352935,0.016217029549557616,0.0,0.0,0.0,0.0,Beltrami,0.0,0.6886970145949353,0.9957788577802755,,0.35442682277281823,0.28505552056018435,,
"55413,18,21",2009,23815,1033,1124555679.0,0,0,0.0,0.0,0.5010833333333334,0.7656666666666667,0.0,0.0,-0.08266245522129345,-0.1469859620148638,-0.12950254388137483,0.0,0.0,0.0,0.0,Beltrami,0.0,0.6835396361311414,1.044464024076655,,-0.007488602904467623,0.04889154445888244,,
"55413,18,21",2010,24367,958,1146407665.0,0,0,0.0,0.0,0.47691666666666666,0.7406666666666667,0.0,0.0,0.0231786689061515,-0.0726040658276863,0.01943166212937686,0.0,0.0,0.0,0.0,Beltrami,0.0,0.6400743253262159,0.9940556707145564,,-0.06358857410367702,-0.04826241229961126,,
"55413,18,21",2011,24735,1013,1214122626.0,0,0,0.0,0.0,0.5180833333333333,0.7406666666666667,0.0,0.0,0.015102392580128798,0.05741127348643005,0.05906708675050609,0.0,0.0,0.0,0.0,Beltrami,0.0,0.6740479770811939,0.9636381567150797,,0.0530776667813746,-0.0305994069503287,,
"55413,18,21",2012,24473,929,1230032327.0,0,0,0.0,0.0,0.5169166666666668,0.6968333333333333,0.0,0.0,-0.010592278148372714,-0.0829220138203356,0.013103866660005625,0.0,0.0,0.0,0.0,Beltrami,0.0,0.6588946012671645,0.8882277375134657,,-0.02248115316605137,-0.07825594978376371,,
"55413,18,21",2013,25337,951,1254502885.0,0,0,0.0,0.0,0.5215833333333334,0.7235833333333334,0.0,0.0,0.03530421280594931,0.023681377825618855,0.019894239738952768,0.0,0.0,0.0,0.0,Beltrami,0.0,0.655245261643422,0.909010162462028,,-0.005538578729775923,0.02339763111512516,,
"55413,18,21",2014,26192,994,1341354038.0,0,0,0.0,0.0,0.5298333333333333,0.734,0.0,0.0,0.03374511583849715,0.045215562565720235,0.06923152910883901,0.0,0.0,0.0,0.0,Beltrami,0.0,0.6549843461352166,0.9073768670586645,,-0.00039819518503803053,-0.0017967845364234014,,
"55413,18,21",2015,26461,1071,1312830212.0,1862,89,18928.0,35290374.0,0.5166666666666668,0.6854166666666667,0.07036771097086278,0.08309990662931839,0.010270311545510058,0.07746478873239426,-0.02126494958969216,1.0,1.0,1.0,1.0,Beltrami,23371.208985009514,0.6379503720548879,0.846313195185718,inf,-0.02600668883285362,-0.06729692379186314,inf,inf
"55413,18,21",2016,24138,973,1307482448.0,0,0,0.0,0.0,0.5249999999999999,0.7161666666666666,0.0,0.0,-0.08778957711348778,-0.09150326797385622,-0.004073462014446694,-1.0,-1.0,-1.0,-1.0,Beltrami,0.0,0.6401641410458859,0.8732651790711659,-1.0,0.003470127282577229,0.03184634723736446,-1.0034701272825772,-1.0318463472373645
"55413,18,21",2017,24105,1061,1449554873.0,0,0,0.0,0.0,0.50725,0.72125,0.0,0.0,-0.0013671389510315768,0.09044193216855079,0.10866105714636709,0.0,0.0,0.0,0.0,Beltrami,0.0,0.6056186714670365,0.861118712263381,,-0.05396345618861087,-0.01390925356797601,,
"55413,18,21",2018,23739,1082,1488124744.0,0,0,0.0,0.0,0.46175000000000005,0.6935833333333333,0.0,0.0,-0.015183571873055413,0.019792648444863392,0.02660807929276654,0.0,0.0,0.0,0.0,Beltrami,0.0,0.538150853022815,0.8083431780741542,,-0.11140313471641994,-0.06128717613220891,,
"55413,18,21",2019,25118,1106,1620559443.0,0,0,0.0,0.0,0.4411666666666667,0.7645,0.0,0.0,0.058090062765912664,0.022181146025878062,0.0889943531508135,0.0,0.0,0.0,0.0,Beltrami,0.0,0.5050111314508632,0.8751364034624515,,-0.06158072849983354,0.0826297879415887,,
"55413,18,21",2020,21640,1114,1567660371.0,0,0,0.0,0.0,0.4513636363636364,0.7585454545454546,0.0,0.0,-0.1384664384107015,0.00723327305605781,-0.03264247555280819,0.0,0.0,0.0,0.0,Beltrami,0.0,0.5103872130628142,0.8577383496064697,,0.01064547150971884,-0.019880390973506468,,
"55413,18,21",2021,23418,1166,1701219701.0,0,0,0.0,0.0,0.40375,0.7937500000000001,0.0,0.0,0.08216266173752307,0.04667863554757634,0.08519659772658761,0.0,0.0,0.0,0.0,Beltrami,0.0,0.4360610261283536,0.857271676753884,,-0.14562705536534104,-0.0005440736709507732,,
"55413,18,21",2022,22122,1268,1673087441.0,0,0,0.0,0.0,0.4939166666666666,0.9129999999999998,0.0,0.0,-0.05534204458109149,0.08747855917667247,-0.01653652375614012,0.0,0.0,0.0,0.0,Beltrami,0.0,0.4939166666666666,0.9129999999999998,,0.13267785257489018,0.0650066073069564,,
"55414,55",2000,25281,795,1058808840.0,1627,94,12272.0,19972021.0,0.29024999999999995,0.4905,0.06435663146236303,0.11823899371069183,0.0,0.0,0.0,0.0,0.0,0.0,0.0,University of Minnesota,20856.34239256678,0.4932817290940766,0.8336078832752613,,,,,
"55414,55",2001,25842,803,1141368768.0,1673,91,12636.0,21157896.0,0.30233333333333334,0.476,0.06473957124061605,0.1133250311332503,0.02219057790435497,0.010062893081761004,0.07797434709744211,0.02827289489858642,-0.03191489361702127,0.029661016949152463,0.059376815195617993,University of Minnesota,20880.793788819876,0.4996011387163561,0.7865826086956521,0.0011723722114289625,0.012810954165858313,-0.05641174408625549,-0.01163858195442935,0.05758411629768445
"55414,55",2002,26274,809,1190151915.0,1740,96,13468.0,23512329.0,0.3115,0.46937500000000004,0.06622516556291391,0.11866501854140915,0.01671697237055958,0.007471980074719831,0.042740916317065336,0.040047818290496195,0.05494505494505497,0.06584362139917688,0.11127916499825874,University of Minnesota,21909.269260700385,0.5067372568093385,0.763562760561423,0.04925461561864486,0.014283630560405491,-0.029265645947094687,0.03497098505823937,0.07852026156573955
"55414,55",2003,26350,803,1178220803.0,1957,101,13416.0,26264878.0,0.31166666666666665,0.45216666666666666,0.07426944971537001,0.12577833125778332,0.002892593438380109,-0.007416563658838027,-0.010024864766948638,0.12471264367816093,0.05208333333333326,-0.0038610038610038533,0.11706832615348306,University of Minnesota,21338.366739130433,0.4957109148550724,0.719178455615942,-0.026057579318448765,-0.021759485425826397,-0.05812790675234958,-0.004298093892622368,0.032070327433900814
"55414,55",2004,26814,787,1205652057.0,1940,108,13104.0,25456116.0,0.3025833333333333,0.5363333333333334,0.07235026478705155,0.1372299872935197,0.01760910815939276,-0.01992528019925277,0.023281929779336963,-0.008686765457332601,0.06930693069306937,-0.023255813953488413,-0.030792528333845715,University of Minnesota,20301.488194812067,0.4687799122110463,0.8309191724016234,-0.048592216873699634,-0.05432804047072415,0.1553727255219024,0.005735823597024514,-0.20396494239560203
"55414,55",2005,27528,830,1283650661.0,2017,114,12636.0,25578581.0,0.3239166666666667,0.5540833333333334,0.07327085149665795,0.13734939759036144,0.02662788095770874,0.054637865311308875,0.0646941242683916,0.03969072164948462,0.05555555555555558,-0.0357142857142857,0.004810828171901704,University of Minnesota,18934.913364055297,0.4853857249530636,0.8302880589691073,-0.06731402238314677,0.03542347338155838,-0.0007595364910066849,-0.10273749576470514,-0.06655448589214008
"55414,55",2006,28135,821,1355647033.0,2082,118,13676.0,28497352.0,0.3286666666666667,0.5491666666666666,0.07400035542918074,0.14372716199756394,0.02205027608253407,-0.010843373493975905,0.05608720050353333,0.03222607833415969,0.03508771929824572,0.08230452674897126,0.11410996567792409,University of Minnesota,19852.925496031745,0.4771128141534392,0.797204220403439,0.04848251028806594,-0.01704399279650093,-0.03984621747631234,0.06552650308456687,0.08832872776437828
"55414,55",2007,27607,794,1397055700.0,2206,118,14976.0,33103958.0,0.36024999999999996,0.549,0.07990726989531641,0.1486146095717884,-0.01876666074284694,-0.032886723507917215,0.030545315994506383,0.05955811719500481,0.0,0.09505703422053235,0.16165031754529324,University of Minnesota,21138.029342824895,0.5084785704295317,0.7748917006684608,0.06473120785397701,0.06574075427369541,-0.027988461631182182,-0.001009546419718399,0.0927196694851592
"55414,55",2008,27623,778,1498627269.0,2008,113,15392.0,30988258.0,0.5066666666666667,0.7325833333333334,0.07269304565036383,0.14524421593830333,0.0005795631542724333,-0.02015113350125941,0.07270402246667751,-0.08975521305530376,-0.0423728813559322,0.02777777777777768,-0.06391078674036499,University of Minnesota,20921.890359168243,0.6886970145949353,0.9957788577802755,-0.010225124591854096,0.35442682277281823,0.28505552056018435,-0.3646519473646723,-0.29528064515203845
"55414,55",2009,26883,740,1432618321.0,1980,109,15652.0,31000425.0,0.5010833333333334,0.7656666666666667,0.07365249414127888,0.1472972972972973,-0.02678926981138907,-0.04884318766066842,-0.04404627445758824,-0.013944223107569709,-0.03539823008849563,0.016891891891891886,0.00039263259006050433,University of Minnesota,21351.263698103354,0.6835396361311414,1.044464024076655,0.0205226837328758,-0.007488602904467623,0.04889154445888244,0.028011286637343424,-0.02836886072600664
"55414,55",2010,27160,687,1455848717.0,2113,104,15964.0,33850018.0,0.47691666666666666,0.7406666666666667,0.07779823269513991,0.15138282387190685,0.010303909533906142,-0.07162162162162167,0.016215341978723652,0.06717171717171722,-0.04587155963302747,0.019933554817275656,0.0919210946301543,University of Minnesota,21425.433925230216,0.6400743253262159,0.9940556707145564,0.0034738097086708386,-0.06358857410367702,-0.04826241229961126,0.06706238381234786,0.051736222008282096
"55414,55",2011,27453,704,1494111874.0,2181,106,16640.0,36344407.0,0.5180833333333333,0.7406666666666667,0.07944486941317888,0.15056818181818182,0.010787923416789358,0.024745269286754024,0.02628237161814928,0.032181732134406005,0.019230769230769162,0.04234527687296419,0.07368944382836085,University of Minnesota,21649.33248569612,0.6740479770811939,0.9636381567150797,0.010450129563175148,0.0530776667813746,-0.0305994069503287,-0.04262753721819945,0.04104953651350385
"55414,55",2012,29207,766,1637964634.0,2298,108,16796.0,38571554.0,0.5169166666666668,0.6968333333333333,0.0786797685486356,0.1409921671018277,0.06389101373256101,0.08806818181818188,0.09627977831062995,0.05364511691884455,0.018867924528301883,0.009374999999999911,0.06127894726690686,University of Minnesota,21409.24144359173,0.6588946012671645,0.8882277375134657,-0.011089997452023881,-0.02248115316605137,-0.07825594978376371,0.01139115571402749,0.06716595233173983
"55414,55",2013,28692,676,1628964384.0,2245,103,17108.0,38501204.0,0.5215833333333334,0.7235833333333334,0.07824480691481946,0.15236686390532544,-0.017632759270038045,-0.11749347258485643,-0.005494776757188569,-0.02306353350739776,-0.04629629629629628,0.018575851393188847,-0.0018238829578917093,University of Minnesota,21492.12833269659,0.655245261643422,0.909010162462028,0.0038715472158714626,-0.005538578729775923,0.02339763111512516,0.009410125945647385,-0.0195260838992537
"55414,55",2014,29660,706,1777761053.0,2410,107,17524.0,42393722.0,0.5298333333333333,0.734,0.08125421443020904,0.15155807365439095,0.033737627213160426,0.044378698224851965,0.0913443353713006,0.07349665924276172,0.03883495145631066,0.024316109422492405,0.10110120192604888,University of Minnesota,21663.313648959178,0.6549843461352166,0.9073768670586645,0.007965023920044167,-0.00039819518503803053,-0.0017967845364234014,0.008363219105082198,0.009761808456467569
"55414,55",2015,30447,691,1852470989.0,2506,110,18616.0,46862921.0,0.5166666666666668,0.6854166666666667,0.08230695963477519,0.15918958031837915,0.026534052596089097,-0.021246458923512734,0.042024734355568194,0.03983402489626564,0.028037383177569986,0.06231454005934722,0.10542124609865589,University of Minnesota,22985.9692764654,0.6379503720548879,0.846313195185718,0.061055092906793895,-0.02600668883285362,-0.06729692379186314,0.08706178173964751,0.12835201669865703
"55414,55",2016,30967,642,1884163952.0,2597,111,19344.0,50297554.0,0.5249999999999999,0.7161666666666666,0.08386346756224368,0.17289719626168223,0.017078858344007575,-0.0709117221418234,0.01710848007239707,0.036312849162011274,0.009090909090909038,0.03910614525139655,0.07329105669704195,University of Minnesota,23587.30503693642,0.6401641410458859,0.8732651790711659,0.02616099209210687,0.003470127282577229,0.03184634723736446,0.022690864809529643,-0.005685355145257587
"55414,55",2017,32550,732,1913702946.0,2566,122,20020.0,51505247.0,0.50725,0.72125,0.07883256528417819,0.16666666666666666,0.051118933057771265,0.14018691588785037,0.015677507240622557,-0.011936850211782812,0.0990990990990992,0.034946236559139754,0.024010968803771293,University of Minnesota,23902.386994125325,0.6056186714670365,0.861118712263381,0.013358116016030763,-0.05396345618861087,-0.01390925356797601,0.06732157220464163,0.027267369584006773
"55414,55",2018,33341,752,2092163277.0,2546,124,20072.0,51214321.0,0.46175000000000005,0.6935833333333333,0.0763624366395729,0.16489361702127658,0.024301075268817307,0.02732240437158473,0.09325393545169369,-0.0077942322681215925,0.016393442622950838,0.0025974025974024872,-0.005648473057512038,University of Minnesota,23393.099993229975,0.538150853022815,0.8083431780741542,-0.02130695151996831,-0.11140313471641994,-0.06128717613220891,0.09009618319645163,0.0399802246122406
"55414,55",2019,32279,685,2134542907.0,2482,122,21840.0,54438868.0,0.4411666666666667,0.7645,0.07689209702902816,0.1781021897810219,-0.031852673885006455,-0.08909574468085102,0.02025636835609168,-0.025137470542026752,-0.016129032258064502,0.08808290155440424,0.06296182272923234,University of Minnesota,25000.62662082399,0.5050111314508632,0.8751364034624515,0.06871798214256497,-0.06158072849983354,0.0826297879415887,0.1302987106423985,-0.013911805799023735
"55414,55",2020,10533,626,621737348.0,1695,119,21944.0,36938591.0,0.4513636363636364,0.7585454545454546,0.16092281401310168,0.1900958466453674,-0.6736887759843861,-0.08613138686131383,-0.7087257670196836,-0.31708299758259473,-0.024590163934426257,0.004761904761904745,-0.32146658523465255,University of Minnesota,24813.556301702785,0.5103872130628142,0.8577383496064697,-0.007482625214097149,0.01064547150971884,-0.019880390973506468,-0.01812809672381599,0.012397765759409318
"55414,55",2021,30087,681,2219421308.0,1863,119,23452.0,44300623.0,0.40375,0.7937500000000001,0.06192043075082262,0.17474302496328928,1.8564511535175163,0.08785942492012788,2.569708841103752,0.09911504424778772,0.0,0.06872037914691953,0.19930462426138562,University of Minnesota,25328.80045761523,0.4360610261283536,0.857271676753884,0.020764623564945683,-0.14562705536534104,-0.0005440736709507732,0.16639167893028672,0.021308697235896457
"55414,55",2022,30944,691,2374857504.0,2208,129,25480.0,56333690.0,0.4939166666666666,0.9129999999999998,0.07135470527404343,0.18668596237337193,0.028484062884302164,0.014684287812041008,0.07003456055852197,0.18518518518518512,0.08403361344537807,0.0864745011086474,0.27162297469270347,University of Minnesota,25480.0,0.4939166666666666,0.9129999999999998,0.005969471102186041,0.13267785257489018,0.0650066073069564,-0.12670838147270413,-0.05903713620477036
55417,2000,1803,243,54698960.0,0,0,0.0,0.0,0.29024999999999995,0.4905,0.0,0.0,0.0,0.0,0.0,0.0,0.0,0.0,0.0,Wenonah,0.0,0.4932817290940766,0.8336078832752613,,,,,
55417,2001,1826,244,55259481.0,0,0,0.0,0.0,0.30233333333333334,0.476,0.0,0.0,0.012756516916250682,0.004115226337448652,0.010247379474856544,0.0,0.0,0.0,0.0,Wenonah,0.0,0.4996011387163561,0.7865826086956521,,0.012810954165858313,-0.05641174408625549,,
55417,2002,1761,232,53137671.0,0,0,0.0,0.0,0.3115,0.46937500000000004,0.0,0.0,-0.03559693318729462,-0.049180327868852514,-0.03839721187392264,0.0,0.0,0.0,0.0,Wenonah,0.0,0.5067372568093385,0.763562760561423,,0.014283630560405491,-0.029265645947094687,,
55417,2003,1734,224,53452967.0,0,0,0.0,0.0,0.31166666666666665,0.45216666666666666,0.0,0.0,-0.015332197614991494,-0.03448275862068961,0.005933568296585756,0.0,0.0,0.0,0.0,Wenonah,0.0,0.4957109148550724,0.719178455615942,,-0.021759485425826397,-0.05812790675234958,,
55417,2004,1587,197,51081061.0,0,0,0.0,0.0,0.3025833333333333,0.5363333333333334,0.0,0.0,-0.08477508650519028,-0.1205357142857143,-0.04437370146356889,0.0,0.0,0.0,0.0,Wenonah,0.0,0.4687799122110463,0.8309191724016234,,-0.05432804047072415,0.1553727255219024,,
55417,2005,1240,187,40766735.0,0,0,0.0,0.0,0.3239166666666667,0.5540833333333334,0.0,0.0,-0.21865154379332075,-0.050761421319796995,-0.20192074710429375,0.0,0.0,0.0,0.0,Wenonah,0.0,0.4853857249530636,0.8302880589691073,,0.03542347338155838,-0.0007595364910066849,,
55417,2006,1382,205,46248415.0,0,0,0.0,0.0,0.3286666666666667,0.5491666666666666,0.0,0.0,0.11451612903225805,0.09625668449197855,0.1344645333995964,0.0,0.0,0.0,0.0,Wenonah,0.0,0.4771128141534392,0.797204220403439,,-0.01704399279650093,-0.03984621747631234,,
55417,2007,1475,211,54032700.0,0,0,0.0,0.0,0.36024999999999996,0.549,0.0,0.0,0.06729377713458762,0.029268292682926855,0.16831463305283,0.0,0.0,0.0,0.0,Wenonah,0.0,0.5084785704295317,0.7748917006684608,,0.06574075427369541,-0.027988461631182182,,
55417,2008,1494,187,57365186.0,0,0,0.0,0.0,0.5066666666666667,0.7325833333333334,0.0,0.0,0.012881355932203409,-0.11374407582938384,0.06167535584932837,0.0,0.0,0.0,0.0,Wenonah,0.0,0.6886970145949353,0.9957788577802755,,0.35442682277281823,0.28505552056018435,,
55417,2009,1577,192,63509070.0,0,0,0.0,0.0,0.5010833333333334,0.7656666666666667,0.0,0.0,0.05555555555555558,0.02673796791443861,0.10710126521685126,0.0,0.0,0.0,0.0,Wenonah,0.0,0.6835396361311414,1.044464024076655,,-0.007488602904467623,0.04889154445888244,,
55417,2010,1774,203,71694798.0,0,0,0.0,0.0,0.47691666666666666,0.7406666666666667,0.0,0.0,0.1249207355738744,0.05729166666666674,0.12889069230583905,0.0,0.0,0.0,0.0,Wenonah,0.0,0.6400743253262159,0.9940556707145564,,-0.06358857410367702,-0.04826241229961126,,
55417,2011,1137,211,49138892.0,0,0,0.0,0.0,0.5180833333333333,0.7406666666666667,0.0,0.0,-0.359075535512965,0.039408866995073843,-0.31461007812589137,0.0,0.0,0.0,0.0,Wenonah,0.0,0.6740479770811939,0.9636381567150797,,0.0530776667813746,-0.0305994069503287,,
55417,2012,1078,179,44522868.0,0,0,0.0,0.0,0.5169166666666668,0.6968333333333333,0.0,0.0,-0.051890941072999075,-0.15165876777251186,-0.09393830044031115,0.0,0.0,0.0,0.0,Wenonah,0.0,0.6588946012671645,0.8882277375134657,,-0.02248115316605137,-0.07825594978376371,,
55417,2013,1152,192,46684641.0,0,0,0.0,0.0,0.5215833333333334,0.7235833333333334,0.0,0.0,0.06864564007421148,0.07262569832402233,0.048554217127252386,0.0,0.0,0.0,0.0,Wenonah,0.0,0.655245261643422,0.909010162462028,,-0.005538578729775923,0.02339763111512516,,
55417,2014,1221,196,49246143.0,0,0,0.0,0.0,0.5298333333333333,0.734,0.0,0.0,0.05989583333333326,0.02083333333333326,0.05486819530217657,0.0,0.0,0.0,0.0,Wenonah,0.0,0.6549843461352166,0.9073768670586645,,-0.00039819518503803053,-0.0017967845364234014,,
55417,2015,1190,167,45972663.0,0,0,0.0,0.0,0.5166666666666668,0.6854166666666667,0.0,0.0,-0.025389025389025432,-0.14795918367346939,-0.06647180470559899,0.0,0.0,0.0,0.0,Wenonah,0.0,0.6379503720548879,0.846313195185718,,-0.02600668883285362,-0.06729692379186314,,
55417,2016,1445,162,67683890.0,0,0,0.0,0.0,0.5249999999999999,0.7161666666666666,0.0,0.0,0.2142857142857142,-0.029940119760479056,0.4722638538472308,0.0,0.0,0.0,0.0,Wenonah,0.0,0.6401641410458859,0.8732651790711659,,0.003470127282577229,0.03184634723736446,,
55417,2017,1816,177,110797707.0,0,0,0.0,0.0,0.50725,0.72125,0.0,0.0,0.2567474048442906,0.09259259259259256,0.6369878711167458,0.0,0.0,0.0,0.0,Wenonah,0.0,0.6056186714670365,0.861118712263381,,-0.05396345618861087,-0.01390925356797601,,
55417,2018,1772,150,113389138.0,0,0,0.0,0.0,0.46175000000000005,0.6935833333333333,0.0,0.0,-0.024229074889867808,-0.15254237288135597,0.023388850456986354,0.0,0.0,0.0,0.0,Wenonah,0.0,0.538150853022815,0.8083431780741542,,-0.11140313471641994,-0.06128717613220891,,
55417,2019,2164,148,142240850.0,0,0,0.0,0.0,0.4411666666666667,0.7645,0.0,0.0,0.2212189616252822,-0.013333333333333308,0.25444864039798953,0.0,0.0,0.0,0.0,Wenonah,0.0,0.5050111314508632,0.8751364034624515,,-0.06158072849983354,0.0826297879415887,,
55417,2020,2088,147,138982516.0,0,0,0.0,0.0,0.4513636363636364,0.7585454545454546,0.0,0.0,-0.03512014787430684,-0.006756756756756799,-0.022907160636343238,0.0,0.0,0.0,0.0,Wenonah,0.0,0.5103872130628142,0.8577383496064697,,0.01064547150971884,-0.019880390973506468,,
55417,2021,2799,206,182522295.0,0,0,0.0,0.0,0.40375,0.7937500000000001,0.0,0.0,0.3405172413793103,0.4013605442176871,0.3132752252089033,0.0,0.0,0.0,0.0,Wenonah,0.0,0.4360610261283536,0.857271676753884,,-0.14562705536534104,-0.0005440736709507732,,
55417,2022,2102,220,152662061.0,0,0,0.0,0.0,0.4939166666666666,0.9129999999999998,0.0,0.0,-0.24901750625223296,0.06796116504854366,-0.1635977347315296,0.0,0.0,0.0,0.0,Wenonah,0.0,0.4939166666666666,0.9129999999999998,,0.13267785257489018,0.0650066073069564,,
